delay_hours,bug_probability,bug_rate_label,success_probability,successful_deployments,total_deployments,simulation_days
1.0000,0.002500,1 in 400,0.976403,1531,1568,180
1.2500,0.002500,1 in 400,0.965224,1249,1294,180
1.5000,0.002500,1 in 400,0.955210,1045,1094,180
1.7500,0.002500,1 in 400,0.962733,930,966,180
2.0000,0.002500,1 in 400,0.952164,836,878,180
2.2500,0.002500,1 in 400,0.942634,723,767,180
2.5000,0.002500,1 in 400,0.952974,689,723,180
2.7500,0.002500,1 in 400,0.934877,646,691,180
3.0000,0.002500,1 in 400,0.921667,553,600,180
3.2500,0.002500,1 in 400,0.918182,505,550,180
3.5000,0.002500,1 in 400,0.935662,509,544,180
3.7500,0.002500,1 in 400,0.915905,501,547,180
4.0000,0.002500,1 in 400,0.924099,487,527,180
4.2500,0.002500,1 in 400,0.904573,455,503,180
4.5000,0.002500,1 in 400,0.895349,385,430,180
4.7500,0.002500,1 in 400,0.882353,345,391,180
5.0000,0.002500,1 in 400,0.882812,339,384,180
5.2500,0.002500,1 in 400,0.875000,336,384,180
5.5000,0.002500,1 in 400,0.872063,334,383,180
5.7500,0.002500,1 in 400,0.902116,341,378,180
6.0000,0.002500,1 in 400,0.885027,331,374,180
6.2500,0.002500,1 in 400,0.885942,334,377,180
6.5000,0.002500,1 in 400,0.900804,336,373,180
6.7500,0.002500,1 in 400,0.883784,327,370,180
7.0000,0.002500,1 in 400,0.866848,319,368,180
7.2500,0.002500,1 in 400,0.865591,322,372,180
7.5000,0.002500,1 in 400,0.877384,322,367,180
7.7500,0.002500,1 in 400,0.887671,324,365,180
8.0000,0.002500,1 in 400,0.862360,307,356,180
8.2500,0.002500,1 in 400,0.855072,295,345,180
8.5000,0.002500,1 in 400,0.859756,282,328,180
8.7500,0.002500,1 in 400,0.820513,256,312,180
9.0000,0.002500,1 in 400,0.859779,233,271,180
9.2500,0.002500,1 in 400,0.791165,197,249,180
9.5000,0.002500,1 in 400,0.816594,187,229,180
9.7500,0.002500,1 in 400,0.801802,178,222,180
10.0000,0.002500,1 in 400,0.829493,180,217,180
10.2500,0.002500,1 in 400,0.800000,180,225,180
10.5000,0.002500,1 in 400,0.778261,179,230,180
10.7500,0.002500,1 in 400,0.767241,178,232,180
11.0000,0.002500,1 in 400,0.814815,176,216,180
11.2500,0.002500,1 in 400,0.781250,175,224,180
11.5000,0.002500,1 in 400,0.763158,174,228,180
11.7500,0.002500,1 in 400,0.775330,176,227,180
12.0000,0.002500,1 in 400,0.781250,175,224,180
1.0000,0.002648,1 in 378,0.962348,1508,1567,180
1.2500,0.002648,1 in 378,0.966667,1247,1290,180
1.5000,0.002648,1 in 378,0.965265,1056,1094,180
1.7500,0.002648,1 in 378,0.956341,920,962,180
2.0000,0.002648,1 in 378,0.956621,838,876,180
2.2500,0.002648,1 in 378,0.950262,726,764,180
2.5000,0.002648,1 in 378,0.933518,674,722,180
2.7500,0.002648,1 in 378,0.937591,646,689,180
3.0000,0.002648,1 in 378,0.906096,550,607,180
3.2500,0.002648,1 in 378,0.908273,505,556,180
3.5000,0.002648,1 in 378,0.910256,497,546,180
3.7500,0.002648,1 in 378,0.925926,500,540,180
4.0000,0.002648,1 in 378,0.894539,475,531,180
4.2500,0.002648,1 in 378,0.889558,443,498,180
4.5000,0.002648,1 in 378,0.886311,382,431,180
4.7500,0.002648,1 in 378,0.856061,339,396,180
5.0000,0.002648,1 in 378,0.872727,336,385,180
5.2500,0.002648,1 in 378,0.878947,334,380,180
5.5000,0.002648,1 in 378,0.862338,332,385,180
5.7500,0.002648,1 in 378,0.866492,331,382,180
6.0000,0.002648,1 in 378,0.880319,331,376,180
6.2500,0.002648,1 in 378,0.888889,328,369,180
6.5000,0.002648,1 in 378,0.894595,331,370,180
6.7500,0.002648,1 in 378,0.864499,319,369,180
7.0000,0.002648,1 in 378,0.881402,327,371,180
7.2500,0.002648,1 in 378,0.860274,314,365,180
7.5000,0.002648,1 in 378,0.862534,320,371,180
7.7500,0.002648,1 in 378,0.867769,315,363,180
8.0000,0.002648,1 in 378,0.876056,311,355,180
8.2500,0.002648,1 in 378,0.855491,296,346,180
8.5000,0.002648,1 in 378,0.849850,283,333,180
8.7500,0.002648,1 in 378,0.849180,259,305,180
9.0000,0.002648,1 in 378,0.855556,231,270,180
9.2500,0.002648,1 in 378,0.821862,203,247,180
9.5000,0.002648,1 in 378,0.803419,188,234,180
9.7500,0.002648,1 in 378,0.822727,181,220,180
10.0000,0.002648,1 in 378,0.795556,179,225,180
10.2500,0.002648,1 in 378,0.787611,178,226,180
10.5000,0.002648,1 in 378,0.784141,178,227,180
10.7500,0.002648,1 in 378,0.785088,179,228,180
11.0000,0.002648,1 in 378,0.791111,178,225,180
11.2500,0.002648,1 in 378,0.755556,170,225,180
11.5000,0.002648,1 in 378,0.766520,174,227,180
11.7500,0.002648,1 in 378,0.804651,173,215,180
12.0000,0.002648,1 in 378,0.820755,174,212,180
1.0000,0.002805,1 in 357,0.964263,1511,1567,180
1.2500,0.002805,1 in 357,0.962074,1243,1292,180
1.5000,0.002805,1 in 357,0.961644,1053,1095,180
1.7500,0.002805,1 in 357,0.948025,912,962,180
2.0000,0.002805,1 in 357,0.947668,833,879,180
2.2500,0.002805,1 in 357,0.926797,709,765,180
2.5000,0.002805,1 in 357,0.918056,661,720,180
2.7500,0.002805,1 in 357,0.904348,624,690,180
3.0000,0.002805,1 in 357,0.908789,548,603,180
3.2500,0.002805,1 in 357,0.928832,509,548,180
3.5000,0.002805,1 in 357,0.903461,496,549,180
3.7500,0.002805,1 in 357,0.920810,500,543,180
4.0000,0.002805,1 in 357,0.913208,484,530,180
4.2500,0.002805,1 in 357,0.887550,442,498,180
4.5000,0.002805,1 in 357,0.856502,382,446,180
4.7500,0.002805,1 in 357,0.889744,347,390,180
5.0000,0.002805,1 in 357,0.905660,336,371,180
5.2500,0.002805,1 in 357,0.851282,332,390,180
5.5000,0.002805,1 in 357,0.867347,340,392,180
5.7500,0.002805,1 in 357,0.866142,330,381,180
6.0000,0.002805,1 in 357,0.874332,327,374,180
6.2500,0.002805,1 in 357,0.875676,324,370,180
6.5000,0.002805,1 in 357,0.853723,321,376,180
6.7500,0.002805,1 in 357,0.870968,324,372,180
7.0000,0.002805,1 in 357,0.855228,319,373,180
7.2500,0.002805,1 in 357,0.879032,327,372,180
7.5000,0.002805,1 in 357,0.863014,315,365,180
7.7500,0.002805,1 in 357,0.865014,314,363,180
8.0000,0.002805,1 in 357,0.857143,312,364,180
8.2500,0.002805,1 in 357,0.860058,295,343,180
8.5000,0.002805,1 in 357,0.829341,277,334,180
8.7500,0.002805,1 in 357,0.830619,255,307,180
9.0000,0.002805,1 in 357,0.848148,229,270,180
9.2500,0.002805,1 in 357,0.795276,202,254,180
9.5000,0.002805,1 in 357,0.801724,186,232,180
9.7500,0.002805,1 in 357,0.778261,179,230,180
10.0000,0.002805,1 in 357,0.773913,178,230,180
10.2500,0.002805,1 in 357,0.769565,177,230,180
10.5000,0.002805,1 in 357,0.787611,178,226,180
10.7500,0.002805,1 in 357,0.751073,175,233,180
11.0000,0.002805,1 in 357,0.788288,175,222,180
11.2500,0.002805,1 in 357,0.750000,171,228,180
11.5000,0.002805,1 in 357,0.771300,172,223,180
11.7500,0.002805,1 in 357,0.796380,176,221,180
12.0000,0.002805,1 in 357,0.779279,173,222,180
1.0000,0.002971,1 in 337,0.966199,1515,1568,180
1.2500,0.002971,1 in 337,0.954299,1232,1291,180
1.5000,0.002971,1 in 337,0.949091,1044,1100,180
1.7500,0.002971,1 in 337,0.945890,909,961,180
2.0000,0.002971,1 in 337,0.946469,831,878,180
2.2500,0.002971,1 in 337,0.924381,709,767,180
2.5000,0.002971,1 in 337,0.926491,668,721,180
2.7500,0.002971,1 in 337,0.919308,638,694,180
3.0000,0.002971,1 in 337,0.899340,545,606,180
3.2500,0.002971,1 in 337,0.905626,499,551,180
3.5000,0.002971,1 in 337,0.900000,495,550,180
3.7500,0.002971,1 in 337,0.900000,495,550,180
4.0000,0.002971,1 in 337,0.913958,478,523,180
4.2500,0.002971,1 in 337,0.913131,452,495,180
4.5000,0.002971,1 in 337,0.880460,383,435,180
4.7500,0.002971,1 in 337,0.860759,340,395,180
5.0000,0.002971,1 in 337,0.861538,336,390,180
5.2500,0.002971,1 in 337,0.853093,331,388,180
5.5000,0.002971,1 in 337,0.869792,334,384,180
5.7500,0.002971,1 in 337,0.868766,331,381,180
6.0000,0.002971,1 in 337,0.877984,331,377,180
6.2500,0.002971,1 in 337,0.884097,328,371,180
6.5000,0.002971,1 in 337,0.845745,318,376,180
6.7500,0.002971,1 in 337,0.877717,323,368,180
7.0000,0.002971,1 in 337,0.871585,319,366,180
7.2500,0.002971,1 in 337,0.826667,310,375,180
7.5000,0.002971,1 in 337,0.859079,317,369,180
7.7500,0.002971,1 in 337,0.871233,318,365,180
8.0000,0.002971,1 in 337,0.818681,298,364,180
8.2500,0.002971,1 in 337,0.827988,284,343,180
8.5000,0.002971,1 in 337,0.837838,279,333,180
8.7500,0.002971,1 in 337,0.800633,253,316,180
9.0000,0.002971,1 in 337,0.820423,233,284,180
9.2500,0.002971,1 in 337,0.806452,200,248,180
9.5000,0.002971,1 in 337,0.741935,184,248,180
9.7500,0.002971,1 in 337,0.808036,181,224,180
10.0000,0.002971,1 in 337,0.757447,178,235,180
10.2500,0.002971,1 in 337,0.744770,178,239,180
10.5000,0.002971,1 in 337,0.768240,179,233,180
10.7500,0.002971,1 in 337,0.778261,179,230,180
11.0000,0.002971,1 in 337,0.785714,176,224,180
11.2500,0.002971,1 in 337,0.772321,173,224,180
11.5000,0.002971,1 in 337,0.743590,174,234,180
11.7500,0.002971,1 in 337,0.782222,176,225,180
12.0000,0.002971,1 in 337,0.806452,175,217,180
1.0000,0.003147,1 in 318,0.959770,1503,1566,180
1.2500,0.003147,1 in 318,0.952750,1230,1291,180
1.5000,0.003147,1 in 318,0.949772,1040,1095,180
1.7500,0.003147,1 in 318,0.958377,921,961,180
2.0000,0.003147,1 in 318,0.944191,829,878,180
2.2500,0.003147,1 in 318,0.913212,705,772,180
2.5000,0.003147,1 in 318,0.932133,673,722,180
2.7500,0.003147,1 in 318,0.926513,643,694,180
3.0000,0.003147,1 in 318,0.916107,546,596,180
3.2500,0.003147,1 in 318,0.868705,483,556,180
3.5000,0.003147,1 in 318,0.909256,501,551,180
3.7500,0.003147,1 in 318,0.895604,489,546,180
4.0000,0.003147,1 in 318,0.887006,471,531,180
4.2500,0.003147,1 in 318,0.877953,446,508,180
4.5000,0.003147,1 in 318,0.876430,383,437,180
4.7500,0.003147,1 in 318,0.875000,343,392,180
5.0000,0.003147,1 in 318,0.853165,337,395,180
5.2500,0.003147,1 in 318,0.829146,330,398,180
5.5000,0.003147,1 in 318,0.851948,328,385,180
5.7500,0.003147,1 in 318,0.827763,322,389,180
6.0000,0.003147,1 in 318,0.873351,331,379,180
6.2500,0.003147,1 in 318,0.862797,327,379,180
6.5000,0.003147,1 in 318,0.857527,319,372,180
6.7500,0.003147,1 in 318,0.831135,315,379,180
7.0000,0.003147,1 in 318,0.863271,322,373,180
7.2500,0.003147,1 in 318,0.867925,322,371,180
7.5000,0.003147,1 in 318,0.871935,320,367,180
7.7500,0.003147,1 in 318,0.850543,313,368,180
8.0000,0.003147,1 in 318,0.879552,314,357,180
8.2500,0.003147,1 in 318,0.857971,296,345,180
8.5000,0.003147,1 in 318,0.821212,271,330,180
8.7500,0.003147,1 in 318,0.811075,249,307,180
9.0000,0.003147,1 in 318,0.778547,225,289,180
9.2500,0.003147,1 in 318,0.774704,196,253,180
9.5000,0.003147,1 in 318,0.730159,184,252,180
9.7500,0.003147,1 in 318,0.769231,180,234,180
10.0000,0.003147,1 in 318,0.766234,177,231,180
10.2500,0.003147,1 in 318,0.796460,180,226,180
10.5000,0.003147,1 in 318,0.738589,178,241,180
10.7500,0.003147,1 in 318,0.753191,177,235,180
11.0000,0.003147,1 in 318,0.790179,177,224,180
11.2500,0.003147,1 in 318,0.717300,170,237,180
11.5000,0.003147,1 in 318,0.735683,167,227,180
11.7500,0.003147,1 in 318,0.765487,173,226,180
12.0000,0.003147,1 in 318,0.745690,173,232,180
1.0000,0.003334,1 in 300,0.957216,1499,1566,180
1.2500,0.003334,1 in 300,0.953524,1231,1291,180
1.5000,0.003334,1 in 300,0.942623,1035,1098,180
1.7500,0.003334,1 in 300,0.934647,901,964,180
2.0000,0.003334,1 in 300,0.915621,803,877,180
2.2500,0.003334,1 in 300,0.914286,704,770,180
2.5000,0.003334,1 in 300,0.920000,667,725,180
2.7500,0.003334,1 in 300,0.911722,630,691,180
3.0000,0.003334,1 in 300,0.915282,551,602,180
3.2500,0.003334,1 in 300,0.882033,486,551,180
3.5000,0.003334,1 in 300,0.909420,502,552,180
3.7500,0.003334,1 in 300,0.881603,484,549,180
4.0000,0.003334,1 in 300,0.889524,467,525,180
4.2500,0.003334,1 in 300,0.888000,444,500,180
4.5000,0.003334,1 in 300,0.902098,387,429,180
4.7500,0.003334,1 in 300,0.867876,335,386,180
5.0000,0.003334,1 in 300,0.881890,336,381,180
5.2500,0.003334,1 in 300,0.868074,329,379,180
5.5000,0.003334,1 in 300,0.828645,324,391,180
5.7500,0.003334,1 in 300,0.829457,321,387,180
6.0000,0.003334,1 in 300,0.842520,321,381,180
6.2500,0.003334,1 in 300,0.848564,325,383,180
6.5000,0.003334,1 in 300,0.828947,315,380,180
6.7500,0.003334,1 in 300,0.842105,320,380,180
7.0000,0.003334,1 in 300,0.866120,317,366,180
7.2500,0.003334,1 in 300,0.805851,303,376,180
7.5000,0.003334,1 in 300,0.847826,312,368,180
7.7500,0.003334,1 in 300,0.840659,306,364,180
8.0000,0.003334,1 in 300,0.815427,296,363,180
8.2500,0.003334,1 in 300,0.831884,287,345,180
8.5000,0.003334,1 in 300,0.808383,270,334,180
8.7500,0.003334,1 in 300,0.761905,240,315,180
9.0000,0.003334,1 in 300,0.774648,220,284,180
9.2500,0.003334,1 in 300,0.785156,201,256,180
9.5000,0.003334,1 in 300,0.809524,187,231,180
9.7500,0.003334,1 in 300,0.783186,177,226,180
10.0000,0.003334,1 in 300,0.746835,177,237,180
10.2500,0.003334,1 in 300,0.721311,176,244,180
10.5000,0.003334,1 in 300,0.707317,174,246,180
10.7500,0.003334,1 in 300,0.748936,176,235,180
11.0000,0.003334,1 in 300,0.726141,175,241,180
11.2500,0.003334,1 in 300,0.765217,176,230,180
11.5000,0.003334,1 in 300,0.739316,173,234,180
11.7500,0.003334,1 in 300,0.698745,167,239,180
12.0000,0.003334,1 in 300,0.719149,169,235,180
1.0000,0.003531,1 in 283,0.959288,1508,1572,180
1.2500,0.003531,1 in 283,0.945946,1225,1295,180
1.5000,0.003531,1 in 283,0.940801,1033,1098,180
1.7500,0.003531,1 in 283,0.930570,898,965,180
2.0000,0.003531,1 in 283,0.929304,815,877,180
2.2500,0.003531,1 in 283,0.919376,707,769,180
2.5000,0.003531,1 in 283,0.904696,655,724,180
2.7500,0.003531,1 in 283,0.887608,616,694,180
3.0000,0.003531,1 in 283,0.867430,530,611,180
3.2500,0.003531,1 in 283,0.892665,499,559,180
3.5000,0.003531,1 in 283,0.869328,479,551,180
3.7500,0.003531,1 in 283,0.883848,487,551,180
4.0000,0.003531,1 in 283,0.889943,469,527,180
4.2500,0.003531,1 in 283,0.877756,438,499,180
4.5000,0.003531,1 in 283,0.859091,378,440,180
4.7500,0.003531,1 in 283,0.838791,333,397,180
5.0000,0.003531,1 in 283,0.815461,327,401,180
5.2500,0.003531,1 in 283,0.803030,318,396,180
5.5000,0.003531,1 in 283,0.857513,331,386,180
5.7500,0.003531,1 in 283,0.831202,325,391,180
6.0000,0.003531,1 in 283,0.822622,320,389,180
6.2500,0.003531,1 in 283,0.841146,323,384,180
6.5000,0.003531,1 in 283,0.844327,320,379,180
6.7500,0.003531,1 in 283,0.802632,305,380,180
7.0000,0.003531,1 in 283,0.816000,306,375,180
7.2500,0.003531,1 in 283,0.841823,314,373,180
7.5000,0.003531,1 in 283,0.832447,313,376,180
7.7500,0.003531,1 in 283,0.850136,312,367,180
8.0000,0.003531,1 in 283,0.849162,304,358,180
8.2500,0.003531,1 in 283,0.855491,296,346,180
8.5000,0.003531,1 in 283,0.755102,259,343,180
8.7500,0.003531,1 in 283,0.789308,251,318,180
9.0000,0.003531,1 in 283,0.740484,214,289,180
9.2500,0.003531,1 in 283,0.726937,197,271,180
9.5000,0.003531,1 in 283,0.799145,187,234,180
9.7500,0.003531,1 in 283,0.714859,178,249,180
10.0000,0.003531,1 in 283,0.727273,176,242,180
10.2500,0.003531,1 in 283,0.720648,178,247,180
10.5000,0.003531,1 in 283,0.781659,179,229,180
10.7500,0.003531,1 in 283,0.727273,176,242,180
11.0000,0.003531,1 in 283,0.680328,166,244,180
11.2500,0.003531,1 in 283,0.761062,172,226,180
11.5000,0.003531,1 in 283,0.748918,173,231,180
11.7500,0.003531,1 in 283,0.726496,170,234,180
12.0000,0.003531,1 in 283,0.681633,167,245,180
1.0000,0.003741,1 in 267,0.965495,1511,1565,180
1.2500,0.003741,1 in 267,0.945174,1224,1295,180
1.5000,0.003741,1 in 267,0.932605,1024,1098,180
1.7500,0.003741,1 in 267,0.928645,898,967,180
2.0000,0.003741,1 in 267,0.926136,815,880,180
2.2500,0.003741,1 in 267,0.918394,709,772,180
2.5000,0.003741,1 in 267,0.908966,659,725,180
2.7500,0.003741,1 in 267,0.895954,620,692,180
3.0000,0.003741,1 in 267,0.906977,546,602,180
3.2500,0.003741,1 in 267,0.879061,487,554,180
3.5000,0.003741,1 in 267,0.867754,479,552,180
3.7500,0.003741,1 in 267,0.889706,484,544,180
4.0000,0.003741,1 in 267,0.875472,464,530,180
4.2500,0.003741,1 in 267,0.878486,441,502,180
4.5000,0.003741,1 in 267,0.870455,383,440,180
4.7500,0.003741,1 in 267,0.804511,321,399,180
5.0000,0.003741,1 in 267,0.833333,330,396,180
5.2500,0.003741,1 in 267,0.831202,325,391,180
5.5000,0.003741,1 in 267,0.810606,321,396,180
5.7500,0.003741,1 in 267,0.847368,322,380,180
6.0000,0.003741,1 in 267,0.855263,325,380,180
6.2500,0.003741,1 in 267,0.829457,321,387,180
6.5000,0.003741,1 in 267,0.781579,297,380,180
6.7500,0.003741,1 in 267,0.851351,315,370,180
7.0000,0.003741,1 in 267,0.839674,309,368,180
7.2500,0.003741,1 in 267,0.818182,306,374,180
7.5000,0.003741,1 in 267,0.776000,291,375,180
7.7500,0.003741,1 in 267,0.799465,299,374,180
8.0000,0.003741,1 in 267,0.792818,287,362,180
8.2500,0.003741,1 in 267,0.843023,290,344,180
8.5000,0.003741,1 in 267,0.849693,277,326,180
8.7500,0.003741,1 in 267,0.826230,252,305,180
9.0000,0.003741,1 in 267,0.752577,219,291,180
9.2500,0.003741,1 in 267,0.754789,197,261,180
9.5000,0.003741,1 in 267,0.689394,182,264,180
9.7500,0.003741,1 in 267,0.718367,176,245,180
10.0000,0.003741,1 in 267,0.677291,170,251,180
10.2500,0.003741,1 in 267,0.724280,176,243,180
10.5000,0.003741,1 in 267,0.734440,177,241,180
10.7500,0.003741,1 in 267,0.740586,177,239,180
11.0000,0.003741,1 in 267,0.721519,171,237,180
11.2500,0.003741,1 in 267,0.705394,170,241,180
11.5000,0.003741,1 in 267,0.735043,172,234,180
11.7500,0.003741,1 in 267,0.707627,167,236,180
12.0000,0.003741,1 in 267,0.760000,171,225,180
1.0000,0.003962,1 in 252,0.947100,1486,1569,180
1.2500,0.003962,1 in 252,0.947328,1223,1291,180
1.5000,0.003962,1 in 252,0.934366,1025,1097,180
1.7500,0.003962,1 in 252,0.909091,880,968,180
2.0000,0.003962,1 in 252,0.920455,810,880,180
2.2500,0.003962,1 in 252,0.904021,697,771,180
2.5000,0.003962,1 in 252,0.914483,663,725,180
2.7500,0.003962,1 in 252,0.909483,633,696,180
3.0000,0.003962,1 in 252,0.880328,537,610,180
3.2500,0.003962,1 in 252,0.875899,487,556,180
3.5000,0.003962,1 in 252,0.875686,479,547,180
3.7500,0.003962,1 in 252,0.884826,484,547,180
4.0000,0.003962,1 in 252,0.858209,460,536,180
4.2500,0.003962,1 in 252,0.855731,433,506,180
4.5000,0.003962,1 in 252,0.838137,378,451,180
4.7500,0.003962,1 in 252,0.831266,335,403,180
5.0000,0.003962,1 in 252,0.826303,333,403,180
5.2500,0.003962,1 in 252,0.804569,317,394,180
5.5000,0.003962,1 in 252,0.802532,317,395,180
5.7500,0.003962,1 in 252,0.815657,323,396,180
6.0000,0.003962,1 in 252,0.835938,321,384,180
6.2500,0.003962,1 in 252,0.792208,305,385,180
6.5000,0.003962,1 in 252,0.871658,326,374,180
6.7500,0.003962,1 in 252,0.803150,306,381,180
7.0000,0.003962,1 in 252,0.800000,300,375,180
7.2500,0.003962,1 in 252,0.836461,312,373,180
7.5000,0.003962,1 in 252,0.840541,311,370,180
7.7500,0.003962,1 in 252,0.796791,298,374,180
8.0000,0.003962,1 in 252,0.803867,291,362,180
8.2500,0.003962,1 in 252,0.806358,279,346,180
8.5000,0.003962,1 in 252,0.807229,268,332,180
8.7500,0.003962,1 in 252,0.769968,241,313,180
9.0000,0.003962,1 in 252,0.766784,217,283,180
9.2500,0.003962,1 in 252,0.742537,199,268,180
9.5000,0.003962,1 in 252,0.723320,183,253,180
9.7500,0.003962,1 in 252,0.727642,179,246,180
10.0000,0.003962,1 in 252,0.734177,174,237,180
10.2500,0.003962,1 in 252,0.738589,178,241,180
10.5000,0.003962,1 in 252,0.700000,175,250,180
10.7500,0.003962,1 in 252,0.702811,175,249,180
11.0000,0.003962,1 in 252,0.670588,171,255,180
11.2500,0.003962,1 in 252,0.701245,169,241,180
11.5000,0.003962,1 in 252,0.676230,165,244,180
11.7500,0.003962,1 in 252,0.722689,172,238,180
12.0000,0.003962,1 in 252,0.705394,170,241,180
1.0000,0.004197,1 in 238,0.955386,1499,1569,180
1.2500,0.004197,1 in 238,0.948837,1224,1290,180
1.5000,0.004197,1 in 238,0.939945,1033,1099,180
1.7500,0.004197,1 in 238,0.919958,885,962,180
2.0000,0.004197,1 in 238,0.904654,797,881,180
2.2500,0.004197,1 in 238,0.898327,698,777,180
2.5000,0.004197,1 in 238,0.907459,657,724,180
2.7500,0.004197,1 in 238,0.872857,611,700,180
3.0000,0.004197,1 in 238,0.892916,542,607,180
3.2500,0.004197,1 in 238,0.872495,479,549,180
3.5000,0.004197,1 in 238,0.872302,485,556,180
3.7500,0.004197,1 in 238,0.869485,473,544,180
4.0000,0.004197,1 in 238,0.870787,465,534,180
4.2500,0.004197,1 in 238,0.867850,440,507,180
4.5000,0.004197,1 in 238,0.831461,370,445,180
4.7500,0.004197,1 in 238,0.801471,327,408,180
5.0000,0.004197,1 in 238,0.814721,321,394,180
5.2500,0.004197,1 in 238,0.831202,325,391,180
5.5000,0.004197,1 in 238,0.833333,325,390,180
5.7500,0.004197,1 in 238,0.831606,321,386,180
6.0000,0.004197,1 in 238,0.828571,319,385,180
6.2500,0.004197,1 in 238,0.820779,316,385,180
6.5000,0.004197,1 in 238,0.789062,303,384,180
6.7500,0.004197,1 in 238,0.840970,312,371,180
7.0000,0.004197,1 in 238,0.810667,304,375,180
7.2500,0.004197,1 in 238,0.802667,301,375,180
7.5000,0.004197,1 in 238,0.819892,305,372,180
7.7500,0.004197,1 in 238,0.815718,301,369,180
8.0000,0.004197,1 in 238,0.813370,292,359,180
8.2500,0.004197,1 in 238,0.817391,282,345,180
8.5000,0.004197,1 in 238,0.795252,268,337,180
8.7500,0.004197,1 in 238,0.764890,244,319,180
9.0000,0.004197,1 in 238,0.736111,212,288,180
9.2500,0.004197,1 in 238,0.718978,197,274,180
9.5000,0.004197,1 in 238,0.726190,183,252,180
9.7500,0.004197,1 in 238,0.679389,178,262,180
10.0000,0.004197,1 in 238,0.666667,174,261,180
10.2500,0.004197,1 in 238,0.714859,178,249,180
10.5000,0.004197,1 in 238,0.736626,179,243,180
10.7500,0.004197,1 in 238,0.713115,174,244,180
11.0000,0.004197,1 in 238,0.713693,172,241,180
11.2500,0.004197,1 in 238,0.723684,165,228,180
11.5000,0.004197,1 in 238,0.680162,168,247,180
11.7500,0.004197,1 in 238,0.691057,170,246,180
12.0000,0.004197,1 in 238,0.658537,162,246,180
1.0000,0.004446,1 in 225,0.945153,1482,1568,180
1.2500,0.004446,1 in 225,0.939722,1216,1294,180
1.5000,0.004446,1 in 225,0.931569,1021,1096,180
1.7500,0.004446,1 in 225,0.911065,881,967,180
2.0000,0.004446,1 in 225,0.927273,816,880,180
2.2500,0.004446,1 in 225,0.882124,681,772,180
2.5000,0.004446,1 in 225,0.875000,637,728,180
2.7500,0.004446,1 in 225,0.882521,616,698,180
3.0000,0.004446,1 in 225,0.841762,516,613,180
3.2500,0.004446,1 in 225,0.826549,467,565,180
3.5000,0.004446,1 in 225,0.858423,479,558,180
3.7500,0.004446,1 in 225,0.874317,480,549,180
4.0000,0.004446,1 in 225,0.826742,439,531,180
4.2500,0.004446,1 in 225,0.853465,431,505,180
4.5000,0.004446,1 in 225,0.841629,372,442,180
4.7500,0.004446,1 in 225,0.845570,334,395,180
5.0000,0.004446,1 in 225,0.808458,325,402,180
5.2500,0.004446,1 in 225,0.800000,320,400,180
5.5000,0.004446,1 in 225,0.791349,311,393,180
5.7500,0.004446,1 in 225,0.820513,320,390,180
6.0000,0.004446,1 in 225,0.787013,303,385,180
6.2500,0.004446,1 in 225,0.805699,311,386,180
6.5000,0.004446,1 in 225,0.774869,296,382,180
6.7500,0.004446,1 in 225,0.782609,306,391,180
7.0000,0.004446,1 in 225,0.793103,299,377,180
7.2500,0.004446,1 in 225,0.774278,295,381,180
7.5000,0.004446,1 in 225,0.793103,299,377,180
7.7500,0.004446,1 in 225,0.789333,296,375,180
8.0000,0.004446,1 in 225,0.770270,285,370,180
8.2500,0.004446,1 in 225,0.761364,268,352,180
8.5000,0.004446,1 in 225,0.771513,260,337,180
8.7500,0.004446,1 in 225,0.753894,242,321,180
9.0000,0.004446,1 in 225,0.772414,224,290,180
9.2500,0.004446,1 in 225,0.669039,188,281,180
9.5000,0.004446,1 in 225,0.736220,187,254,180
9.7500,0.004446,1 in 225,0.701195,176,251,180
10.0000,0.004446,1 in 225,0.682540,172,252,180
10.2500,0.004446,1 in 225,0.640449,171,267,180
10.5000,0.004446,1 in 225,0.636704,170,267,180
10.7500,0.004446,1 in 225,0.702381,177,252,180
11.0000,0.004446,1 in 225,0.667954,173,259,180
11.2500,0.004446,1 in 225,0.660000,165,250,180
11.5000,0.004446,1 in 225,0.699153,165,236,180
11.7500,0.004446,1 in 225,0.686192,164,239,180
12.0000,0.004446,1 in 225,0.726087,167,230,180
1.0000,0.004709,1 in 212,0.942639,1479,1569,180
1.2500,0.004709,1 in 212,0.921053,1190,1292,180
1.5000,0.004709,1 in 212,0.936537,1033,1103,180
1.7500,0.004709,1 in 212,0.904025,876,969,180
2.0000,0.004709,1 in 212,0.902273,794,880,180
2.2500,0.004709,1 in 212,0.880208,676,768,180
2.5000,0.004709,1 in 212,0.896122,647,722,180
2.7500,0.004709,1 in 212,0.862464,602,698,180
3.0000,0.004709,1 in 212,0.855049,525,614,180
3.2500,0.004709,1 in 212,0.856373,477,557,180
3.5000,0.004709,1 in 212,0.856383,483,564,180
3.7500,0.004709,1 in 212,0.851648,465,546,180
4.0000,0.004709,1 in 212,0.863296,461,534,180
4.2500,0.004709,1 in 212,0.839844,430,512,180
4.5000,0.004709,1 in 212,0.804396,366,455,180
4.7500,0.004709,1 in 212,0.775414,328,423,180
5.0000,0.004709,1 in 212,0.769417,317,412,180
5.2500,0.004709,1 in 212,0.787654,319,405,180
5.5000,0.004709,1 in 212,0.780788,317,406,180
5.7500,0.004709,1 in 212,0.793532,319,402,180
6.0000,0.004709,1 in 212,0.770202,305,396,180
6.2500,0.004709,1 in 212,0.791237,307,388,180
6.5000,0.004709,1 in 212,0.801546,311,388,180
6.7500,0.004709,1 in 212,0.741206,295,398,180
7.0000,0.004709,1 in 212,0.730769,285,390,180
7.2500,0.004709,1 in 212,0.767810,291,379,180
7.5000,0.004709,1 in 212,0.780749,292,374,180
7.7500,0.004709,1 in 212,0.745407,284,381,180
8.0000,0.004709,1 in 212,0.776567,285,367,180
8.2500,0.004709,1 in 212,0.751412,266,354,180
8.5000,0.004709,1 in 212,0.785075,263,335,180
8.7500,0.004709,1 in 212,0.746130,241,323,180
9.0000,0.004709,1 in 212,0.762712,225,295,180
9.2500,0.004709,1 in 212,0.674912,191,283,180
9.5000,0.004709,1 in 212,0.690299,185,268,180
9.7500,0.004709,1 in 212,0.656604,174,265,180
10.0000,0.004709,1 in 212,0.649057,172,265,180
10.2500,0.004709,1 in 212,0.673152,173,257,180
10.5000,0.004709,1 in 212,0.694118,177,255,180
10.7500,0.004709,1 in 212,0.664093,172,259,180
11.0000,0.004709,1 in 212,0.693878,170,245,180
11.2500,0.004709,1 in 212,0.646154,168,260,180
11.5000,0.004709,1 in 212,0.672065,166,247,180
11.7500,0.004709,1 in 212,0.677551,166,245,180
12.0000,0.004709,1 in 212,0.669323,168,251,180
1.0000,0.004988,1 in 200,0.939529,1476,1571,180
1.2500,0.004988,1 in 200,0.950311,1224,1288,180
1.5000,0.004988,1 in 200,0.918478,1014,1104,180
1.7500,0.004988,1 in 200,0.889344,868,976,180
2.0000,0.004988,1 in 200,0.899207,794,883,180
2.2500,0.004988,1 in 200,0.882429,683,774,180
2.5000,0.004988,1 in 200,0.889503,644,724,180
2.7500,0.004988,1 in 200,0.868272,613,706,180
3.0000,0.004988,1 in 200,0.861157,521,605,180
3.2500,0.004988,1 in 200,0.844086,471,558,180
3.5000,0.004988,1 in 200,0.834532,464,556,180
3.7500,0.004988,1 in 200,0.852727,469,550,180
4.0000,0.004988,1 in 200,0.812616,438,539,180
4.2500,0.004988,1 in 200,0.832031,426,512,180
4.5000,0.004988,1 in 200,0.808370,367,454,180
4.7500,0.004988,1 in 200,0.791155,322,407,180
5.0000,0.004988,1 in 200,0.817955,328,401,180
5.2500,0.004988,1 in 200,0.789731,323,409,180
5.5000,0.004988,1 in 200,0.803030,318,396,180
5.7500,0.004988,1 in 200,0.796954,314,394,180
6.0000,0.004988,1 in 200,0.756219,304,402,180
6.2500,0.004988,1 in 200,0.791237,307,388,180
6.5000,0.004988,1 in 200,0.794344,309,389,180
6.7500,0.004988,1 in 200,0.812010,311,383,180
7.0000,0.004988,1 in 200,0.753927,288,382,180
7.2500,0.004988,1 in 200,0.780161,291,373,180
7.5000,0.004988,1 in 200,0.746667,280,375,180
7.7500,0.004988,1 in 200,0.761905,288,378,180
8.0000,0.004988,1 in 200,0.780488,288,369,180
8.2500,0.004988,1 in 200,0.698324,250,358,180
8.5000,0.004988,1 in 200,0.747093,257,344,180
8.7500,0.004988,1 in 200,0.750789,238,317,180
9.0000,0.004988,1 in 200,0.677524,208,307,180
9.2500,0.004988,1 in 200,0.658621,191,290,180
9.5000,0.004988,1 in 200,0.697674,180,258,180
9.7500,0.004988,1 in 200,0.652830,173,265,180
10.0000,0.004988,1 in 200,0.606498,168,277,180
10.2500,0.004988,1 in 200,0.697581,173,248,180
10.5000,0.004988,1 in 200,0.653992,172,263,180
10.7500,0.004988,1 in 200,0.690083,167,242,180
11.0000,0.004988,1 in 200,0.648438,166,256,180
11.2500,0.004988,1 in 200,0.634615,165,260,180
11.5000,0.004988,1 in 200,0.659919,163,247,180
11.7500,0.004988,1 in 200,0.630769,164,260,180
12.0000,0.004988,1 in 200,0.638889,161,252,180
1.0000,0.005284,1 in 189,0.947870,1491,1573,180
1.2500,0.005284,1 in 189,0.921236,1193,1295,180
1.5000,0.005284,1 in 189,0.916819,1003,1094,180
1.7500,0.005284,1 in 189,0.913133,883,967,180
2.0000,0.005284,1 in 189,0.898649,798,888,180
2.2500,0.005284,1 in 189,0.870466,672,772,180
2.5000,0.005284,1 in 189,0.872253,635,728,180
2.7500,0.005284,1 in 189,0.865906,607,701,180
3.0000,0.005284,1 in 189,0.849180,518,610,180
3.2500,0.005284,1 in 189,0.826855,468,566,180
3.5000,0.005284,1 in 189,0.814617,457,561,180
3.7500,0.005284,1 in 189,0.821818,452,550,180
4.0000,0.005284,1 in 189,0.829945,449,541,180
4.2500,0.005284,1 in 189,0.756190,397,525,180
4.5000,0.005284,1 in 189,0.778947,370,475,180
4.7500,0.005284,1 in 189,0.748201,312,417,180
5.0000,0.005284,1 in 189,0.791563,319,403,180
5.2500,0.005284,1 in 189,0.745098,304,408,180
5.5000,0.005284,1 in 189,0.762836,312,409,180
5.7500,0.005284,1 in 189,0.770781,306,397,180
6.0000,0.005284,1 in 189,0.733333,297,405,180
6.2500,0.005284,1 in 189,0.731343,294,402,180
6.5000,0.005284,1 in 189,0.785340,300,382,180
6.7500,0.005284,1 in 189,0.793734,304,383,180
7.0000,0.005284,1 in 189,0.740933,286,386,180
7.2500,0.005284,1 in 189,0.776316,295,380,180
7.5000,0.005284,1 in 189,0.761780,291,382,180
7.7500,0.005284,1 in 189,0.783641,297,379,180
8.0000,0.005284,1 in 189,0.687664,262,381,180
8.2500,0.005284,1 in 189,0.717087,256,357,180
8.5000,0.005284,1 in 189,0.719298,246,342,180
8.7500,0.005284,1 in 189,0.705167,232,329,180
9.0000,0.005284,1 in 189,0.647249,200,309,180
9.2500,0.005284,1 in 189,0.661972,188,284,180
9.5000,0.005284,1 in 189,0.635379,176,277,180
9.7500,0.005284,1 in 189,0.661654,176,266,180
10.0000,0.005284,1 in 189,0.639706,174,272,180
10.2500,0.005284,1 in 189,0.586572,166,283,180
10.5000,0.005284,1 in 189,0.635338,169,266,180
10.7500,0.005284,1 in 189,0.602190,165,274,180
11.0000,0.005284,1 in 189,0.614786,158,257,180
11.2500,0.005284,1 in 189,0.625984,159,254,180
11.5000,0.005284,1 in 189,0.672000,168,250,180
11.7500,0.005284,1 in 189,0.650980,166,255,180
12.0000,0.005284,1 in 189,0.644788,167,259,180
1.0000,0.005597,1 in 179,0.949649,1490,1569,180
1.2500,0.005597,1 in 179,0.921947,1193,1294,180
1.5000,0.005597,1 in 179,0.915913,1013,1106,180
1.7500,0.005597,1 in 179,0.883505,857,970,180
2.0000,0.005597,1 in 179,0.878409,773,880,180
2.2500,0.005597,1 in 179,0.862644,672,779,180
2.5000,0.005597,1 in 179,0.870879,634,728,180
2.7500,0.005597,1 in 179,0.857347,601,701,180
3.0000,0.005597,1 in 179,0.818328,509,622,180
3.2500,0.005597,1 in 179,0.801394,460,574,180
3.5000,0.005597,1 in 179,0.830054,464,559,180
3.7500,0.005597,1 in 179,0.803249,445,554,180
4.0000,0.005597,1 in 179,0.808989,432,534,180
4.2500,0.005597,1 in 179,0.805019,417,518,180
4.5000,0.005597,1 in 179,0.799117,362,453,180
4.7500,0.005597,1 in 179,0.749415,320,427,180
5.0000,0.005597,1 in 179,0.776699,320,412,180
5.2500,0.005597,1 in 179,0.749392,308,411,180
5.5000,0.005597,1 in 179,0.736715,305,414,180
5.7500,0.005597,1 in 179,0.746988,310,415,180
6.0000,0.005597,1 in 179,0.761787,307,403,180
6.2500,0.005597,1 in 179,0.714640,288,403,180
6.5000,0.005597,1 in 179,0.739691,287,388,180
6.7500,0.005597,1 in 179,0.751979,285,379,180
7.0000,0.005597,1 in 179,0.781818,301,385,180
7.2500,0.005597,1 in 179,0.769029,293,381,180
7.5000,0.005597,1 in 179,0.744125,285,383,180
7.7500,0.005597,1 in 179,0.736148,279,379,180
8.0000,0.005597,1 in 179,0.762803,283,371,180
8.2500,0.005597,1 in 179,0.720222,260,361,180
8.5000,0.005597,1 in 179,0.659942,229,347,180
8.7500,0.005597,1 in 179,0.674627,226,335,180
9.0000,0.005597,1 in 179,0.698675,211,302,180
9.2500,0.005597,1 in 179,0.671378,190,283,180
9.5000,0.005597,1 in 179,0.632143,177,280,180
9.7500,0.005597,1 in 179,0.666667,172,258,180
10.0000,0.005597,1 in 179,0.628571,176,280,180
10.2500,0.005597,1 in 179,0.632959,169,267,180
10.5000,0.005597,1 in 179,0.614545,169,275,180
10.7500,0.005597,1 in 179,0.592857,166,280,180
11.0000,0.005597,1 in 179,0.571429,156,273,180
11.2500,0.005597,1 in 179,0.593985,158,266,180
11.5000,0.005597,1 in 179,0.582707,155,266,180
11.7500,0.005597,1 in 179,0.660000,165,250,180
12.0000,0.005597,1 in 179,0.562264,149,265,180
1.0000,0.005928,1 in 169,0.930662,1463,1572,180
1.2500,0.005928,1 in 169,0.931061,1202,1291,180
1.5000,0.005928,1 in 169,0.893926,986,1103,180
1.7500,0.005928,1 in 169,0.887064,864,974,180
2.0000,0.005928,1 in 169,0.888763,783,881,180
2.2500,0.005928,1 in 169,0.849490,666,784,180
2.5000,0.005928,1 in 169,0.876033,636,726,180
2.7500,0.005928,1 in 169,0.837607,588,702,180
3.0000,0.005928,1 in 169,0.830128,518,624,180
3.2500,0.005928,1 in 169,0.805654,456,566,180
3.5000,0.005928,1 in 169,0.789753,447,566,180
3.7500,0.005928,1 in 169,0.797853,446,559,180
4.0000,0.005928,1 in 169,0.829907,444,535,180
4.2500,0.005928,1 in 169,0.811538,422,520,180
4.5000,0.005928,1 in 169,0.748927,349,466,180
4.7500,0.005928,1 in 169,0.785714,330,420,180
5.0000,0.005928,1 in 169,0.781553,322,412,180
5.2500,0.005928,1 in 169,0.734793,302,411,180
5.5000,0.005928,1 in 169,0.747573,308,412,180
5.7500,0.005928,1 in 169,0.801527,315,393,180
6.0000,0.005928,1 in 169,0.704715,284,403,180
6.2500,0.005928,1 in 169,0.746231,297,398,180
6.5000,0.005928,1 in 169,0.761538,297,390,180
6.7500,0.005928,1 in 169,0.735369,289,393,180
7.0000,0.005928,1 in 169,0.756477,292,386,180
7.2500,0.005928,1 in 169,0.718750,276,384,180
7.5000,0.005928,1 in 169,0.707692,276,390,180
7.7500,0.005928,1 in 169,0.746032,282,378,180
8.0000,0.005928,1 in 169,0.722222,273,378,180
8.2500,0.005928,1 in 169,0.710744,258,363,180
8.5000,0.005928,1 in 169,0.681690,242,355,180
8.7500,0.005928,1 in 169,0.701807,233,332,180
9.0000,0.005928,1 in 169,0.690554,212,307,180
9.2500,0.005928,1 in 169,0.694245,193,278,180
9.5000,0.005928,1 in 169,0.585034,172,294,180
9.7500,0.005928,1 in 169,0.590909,169,286,180
10.0000,0.005928,1 in 169,0.643678,168,261,180
10.2500,0.005928,1 in 169,0.659091,174,264,180
10.5000,0.005928,1 in 169,0.595668,165,277,180
10.7500,0.005928,1 in 169,0.608696,168,276,180
11.0000,0.005928,1 in 169,0.669323,168,251,180
11.2500,0.005928,1 in 169,0.602996,161,267,180
11.5000,0.005928,1 in 169,0.590038,154,261,180
11.7500,0.005928,1 in 169,0.606870,159,262,180
12.0000,0.005928,1 in 169,0.612167,161,263,180
1.0000,0.006280,1 in 159,0.937540,1471,1569,180
1.2500,0.006280,1 in 159,0.913647,1185,1297,180
1.5000,0.006280,1 in 159,0.895739,988,1103,180
1.7500,0.006280,1 in 159,0.880412,854,970,180
2.0000,0.006280,1 in 159,0.864713,767,887,180
2.2500,0.006280,1 in 159,0.875648,676,772,180
2.5000,0.006280,1 in 159,0.851034,617,725,180
2.7500,0.006280,1 in 159,0.842407,588,698,180
3.0000,0.006280,1 in 159,0.809984,503,621,180
3.2500,0.006280,1 in 159,0.783595,449,573,180
3.5000,0.006280,1 in 159,0.808028,463,573,180
3.7500,0.006280,1 in 159,0.802158,446,556,180
4.0000,0.006280,1 in 159,0.793738,431,543,180
4.2500,0.006280,1 in 159,0.792636,409,516,180
4.5000,0.006280,1 in 159,0.776316,354,456,180
4.7500,0.006280,1 in 159,0.729977,319,437,180
5.0000,0.006280,1 in 159,0.731308,313,428,180
5.2500,0.006280,1 in 159,0.740291,305,412,180
5.5000,0.006280,1 in 159,0.755501,309,409,180
5.7500,0.006280,1 in 159,0.692124,290,419,180
6.0000,0.006280,1 in 159,0.726829,298,410,180
6.2500,0.006280,1 in 159,0.750617,304,405,180
6.5000,0.006280,1 in 159,0.707921,286,404,180
6.7500,0.006280,1 in 159,0.716883,276,385,180
7.0000,0.006280,1 in 159,0.699248,279,399,180
7.2500,0.006280,1 in 159,0.751309,287,382,180
7.5000,0.006280,1 in 159,0.719160,274,381,180
7.7500,0.006280,1 in 159,0.743455,284,382,180
8.0000,0.006280,1 in 159,0.677003,262,387,180
8.2500,0.006280,1 in 159,0.662198,247,373,180
8.5000,0.006280,1 in 159,0.691643,240,347,180
8.7500,0.006280,1 in 159,0.677515,229,338,180
9.0000,0.006280,1 in 159,0.630225,196,311,180
9.2500,0.006280,1 in 159,0.636986,186,292,180
9.5000,0.006280,1 in 159,0.614841,174,283,180
9.7500,0.006280,1 in 159,0.595156,172,289,180
10.0000,0.006280,1 in 159,0.656489,172,262,180
10.2500,0.006280,1 in 159,0.594306,167,281,180
10.5000,0.006280,1 in 159,0.613971,167,272,180
10.7500,0.006280,1 in 159,0.637736,169,265,180
11.0000,0.006280,1 in 159,0.592058,164,277,180
11.2500,0.006280,1 in 159,0.591760,158,267,180
11.5000,0.006280,1 in 159,0.581132,154,265,180
11.7500,0.006280,1 in 159,0.556777,152,273,180
12.0000,0.006280,1 in 159,0.560440,153,273,180
1.0000,0.006652,1 in 150,0.918575,1444,1572,180
1.2500,0.006652,1 in 150,0.900154,1172,1302,180
1.5000,0.006652,1 in 150,0.902816,994,1101,180
1.7500,0.006652,1 in 150,0.888660,862,970,180
2.0000,0.006652,1 in 150,0.860702,760,883,180
2.2500,0.006652,1 in 150,0.855670,664,776,180
2.5000,0.006652,1 in 150,0.826265,604,731,180
2.7500,0.006652,1 in 150,0.818830,574,701,180
3.0000,0.006652,1 in 150,0.797448,500,627,180
3.2500,0.006652,1 in 150,0.772487,438,567,180
3.5000,0.006652,1 in 150,0.790780,446,564,180
3.7500,0.006652,1 in 150,0.801085,443,553,180
4.0000,0.006652,1 in 150,0.772313,424,549,180
4.2500,0.006652,1 in 150,0.741021,392,529,180
4.5000,0.006652,1 in 150,0.759740,351,462,180
4.7500,0.006652,1 in 150,0.695260,308,443,180
5.0000,0.006652,1 in 150,0.714623,303,424,180
5.2500,0.006652,1 in 150,0.711316,308,433,180
5.5000,0.006652,1 in 150,0.695238,292,420,180
5.7500,0.006652,1 in 150,0.705314,292,414,180
6.0000,0.006652,1 in 150,0.730583,301,412,180
6.2500,0.006652,1 in 150,0.715311,299,418,180
6.5000,0.006652,1 in 150,0.705446,285,404,180
6.7500,0.006652,1 in 150,0.713198,281,394,180
7.0000,0.006652,1 in 150,0.690955,275,398,180
7.2500,0.006652,1 in 150,0.718346,278,387,180
7.5000,0.006652,1 in 150,0.710594,275,387,180
7.7500,0.006652,1 in 150,0.700508,276,394,180
8.0000,0.006652,1 in 150,0.758152,279,368,180
8.2500,0.006652,1 in 150,0.656676,241,367,180
8.5000,0.006652,1 in 150,0.671388,237,353,180
8.7500,0.006652,1 in 150,0.643068,218,339,180
9.0000,0.006652,1 in 150,0.613497,200,326,180
9.2500,0.006652,1 in 150,0.640138,185,289,180
9.5000,0.006652,1 in 150,0.601375,175,291,180
9.7500,0.006652,1 in 150,0.605735,169,279,180
10.0000,0.006652,1 in 150,0.565517,164,290,180
10.2500,0.006652,1 in 150,0.552901,162,293,180
10.5000,0.006652,1 in 150,0.622711,170,273,180
10.7500,0.006652,1 in 150,0.537162,159,296,180
11.0000,0.006652,1 in 150,0.552448,158,286,180
11.2500,0.006652,1 in 150,0.576779,154,267,180
11.5000,0.006652,1 in 150,0.554745,152,274,180
11.7500,0.006652,1 in 150,0.530466,148,279,180
12.0000,0.006652,1 in 150,0.519713,145,279,180
1.0000,0.007046,1 in 142,0.922589,1454,1576,180
1.2500,0.007046,1 in 142,0.898462,1168,1300,180
1.5000,0.007046,1 in 142,0.892015,983,1102,180
1.7500,0.007046,1 in 142,0.875514,851,972,180
2.0000,0.007046,1 in 142,0.857466,758,884,180
2.2500,0.007046,1 in 142,0.824134,642,779,180
2.5000,0.007046,1 in 142,0.817321,604,739,180
2.7500,0.007046,1 in 142,0.821023,578,704,180
3.0000,0.007046,1 in 142,0.808989,504,623,180
3.2500,0.007046,1 in 142,0.788909,441,559,180
3.5000,0.007046,1 in 142,0.764912,436,570,180
3.7500,0.007046,1 in 142,0.776978,432,556,180
4.0000,0.007046,1 in 142,0.814607,435,534,180
4.2500,0.007046,1 in 142,0.755639,402,532,180
4.5000,0.007046,1 in 142,0.739958,350,473,180
4.7500,0.007046,1 in 142,0.732394,312,426,180
5.0000,0.007046,1 in 142,0.727059,309,425,180
5.2500,0.007046,1 in 142,0.661253,285,431,180
5.5000,0.007046,1 in 142,0.728132,308,423,180
5.7500,0.007046,1 in 142,0.718072,298,415,180
6.0000,0.007046,1 in 142,0.676960,285,421,180
6.2500,0.007046,1 in 142,0.668269,278,416,180
6.5000,0.007046,1 in 142,0.734336,293,399,180
6.7500,0.007046,1 in 142,0.697733,277,397,180
7.0000,0.007046,1 in 142,0.684864,276,403,180
7.2500,0.007046,1 in 142,0.719697,285,396,180
7.5000,0.007046,1 in 142,0.690104,265,384,180
7.7500,0.007046,1 in 142,0.669211,263,393,180
8.0000,0.007046,1 in 142,0.679688,261,384,180
8.2500,0.007046,1 in 142,0.642077,235,366,180
8.5000,0.007046,1 in 142,0.638418,226,354,180
8.7500,0.007046,1 in 142,0.634503,217,342,180
9.0000,0.007046,1 in 142,0.603175,190,315,180
9.2500,0.007046,1 in 142,0.582524,180,309,180
9.5000,0.007046,1 in 142,0.550489,169,307,180
9.7500,0.007046,1 in 142,0.584775,169,289,180
10.0000,0.007046,1 in 142,0.580756,169,291,180
10.2500,0.007046,1 in 142,0.558621,162,290,180
10.5000,0.007046,1 in 142,0.567474,164,289,180
10.7500,0.007046,1 in 142,0.541379,157,290,180
11.0000,0.007046,1 in 142,0.524476,150,286,180
11.2500,0.007046,1 in 142,0.534545,147,275,180
11.5000,0.007046,1 in 142,0.505226,145,287,180
11.7500,0.007046,1 in 142,0.536496,147,274,180
12.0000,0.007046,1 in 142,0.557196,151,271,180
1.0000,0.007463,1 in 134,0.909149,1431,1574,180
1.2500,0.007463,1 in 134,0.895143,1161,1297,180
1.5000,0.007463,1 in 134,0.878733,971,1105,180
1.7500,0.007463,1 in 134,0.856704,837,977,180
2.0000,0.007463,1 in 134,0.856180,762,890,180
2.2500,0.007463,1 in 134,0.834395,655,785,180
2.5000,0.007463,1 in 134,0.818801,601,734,180
2.7500,0.007463,1 in 134,0.745152,538,722,180
3.0000,0.007463,1 in 134,0.786284,493,627,180
3.2500,0.007463,1 in 134,0.799296,454,568,180
3.5000,0.007463,1 in 134,0.747368,426,570,180
3.7500,0.007463,1 in 134,0.736014,421,572,180
4.0000,0.007463,1 in 134,0.789762,432,547,180
4.2500,0.007463,1 in 134,0.707182,384,543,180
4.5000,0.007463,1 in 134,0.704403,336,477,180
4.7500,0.007463,1 in 134,0.691954,301,435,180
5.0000,0.007463,1 in 134,0.707838,298,421,180
5.2500,0.007463,1 in 134,0.674419,290,430,180
5.5000,0.007463,1 in 134,0.719048,302,420,180
5.7500,0.007463,1 in 134,0.671264,292,435,180
6.0000,0.007463,1 in 134,0.676960,285,421,180
6.2500,0.007463,1 in 134,0.690476,290,420,180
6.5000,0.007463,1 in 134,0.645238,271,420,180
6.7500,0.007463,1 in 134,0.664234,273,411,180
7.0000,0.007463,1 in 134,0.638821,260,407,180
7.2500,0.007463,1 in 134,0.641414,254,396,180
7.5000,0.007463,1 in 134,0.667513,263,394,180
7.7500,0.007463,1 in 134,0.675258,262,388,180
8.0000,0.007463,1 in 134,0.633838,251,396,180
8.2500,0.007463,1 in 134,0.643432,240,373,180
8.5000,0.007463,1 in 134,0.644444,232,360,180
8.7500,0.007463,1 in 134,0.652819,220,337,180
9.0000,0.007463,1 in 134,0.567164,190,335,180
9.2500,0.007463,1 in 134,0.537267,173,322,180
9.5000,0.007463,1 in 134,0.552632,168,304,180
9.7500,0.007463,1 in 134,0.504886,155,307,180
10.0000,0.007463,1 in 134,0.543624,162,298,180
10.2500,0.007463,1 in 134,0.567474,164,289,180
10.5000,0.007463,1 in 134,0.523649,155,296,180
10.7500,0.007463,1 in 134,0.501661,151,301,180
11.0000,0.007463,1 in 134,0.543860,155,285,180
11.2500,0.007463,1 in 134,0.566038,150,265,180
11.5000,0.007463,1 in 134,0.484099,137,283,180
11.7500,0.007463,1 in 134,0.519573,146,281,180
12.0000,0.007463,1 in 134,0.534050,149,279,180
1.0000,0.007906,1 in 126,0.902284,1422,1576,180
1.2500,0.007906,1 in 126,0.885409,1159,1309,180
1.5000,0.007906,1 in 126,0.879638,972,1105,180
1.7500,0.007906,1 in 126,0.883864,860,973,180
2.0000,0.007906,1 in 126,0.858437,758,883,180
2.2500,0.007906,1 in 126,0.819693,641,782,180
2.5000,0.007906,1 in 126,0.818428,604,738,180
2.7500,0.007906,1 in 126,0.820513,576,702,180
3.0000,0.007906,1 in 126,0.806709,505,626,180
3.2500,0.007906,1 in 126,0.800344,465,581,180
3.5000,0.007906,1 in 126,0.742557,424,571,180
3.7500,0.007906,1 in 126,0.760286,425,559,180
4.0000,0.007906,1 in 126,0.692171,389,562,180
4.2500,0.007906,1 in 126,0.744318,393,528,180
4.5000,0.007906,1 in 126,0.703704,342,486,180
4.7500,0.007906,1 in 126,0.722611,310,429,180
5.0000,0.007906,1 in 126,0.673611,291,432,180
5.2500,0.007906,1 in 126,0.677494,292,431,180
5.5000,0.007906,1 in 126,0.651584,288,442,180
5.7500,0.007906,1 in 126,0.670507,291,434,180
6.0000,0.007906,1 in 126,0.677804,284,419,180
6.2500,0.007906,1 in 126,0.654028,276,422,180
6.5000,0.007906,1 in 126,0.666667,274,411,180
6.7500,0.007906,1 in 126,0.640777,264,412,180
7.0000,0.007906,1 in 126,0.703242,282,401,180
7.2500,0.007906,1 in 126,0.627792,253,403,180
7.5000,0.007906,1 in 126,0.650873,261,401,180
7.7500,0.007906,1 in 126,0.579075,238,411,180
8.0000,0.007906,1 in 126,0.657143,253,385,180
8.2500,0.007906,1 in 126,0.668478,246,368,180
8.5000,0.007906,1 in 126,0.638122,231,362,180
8.7500,0.007906,1 in 126,0.621387,215,346,180
9.0000,0.007906,1 in 126,0.564179,189,335,180
9.2500,0.007906,1 in 126,0.573668,183,319,180
9.5000,0.007906,1 in 126,0.534426,163,305,180
9.7500,0.007906,1 in 126,0.562712,166,295,180
10.0000,0.007906,1 in 126,0.577465,164,284,180
10.2500,0.007906,1 in 126,0.496753,153,308,180
10.5000,0.007906,1 in 126,0.521739,156,299,180
10.7500,0.007906,1 in 126,0.539249,158,293,180
11.0000,0.007906,1 in 126,0.473510,143,302,180
11.2500,0.007906,1 in 126,0.494810,143,289,180
11.5000,0.007906,1 in 126,0.506993,145,286,180
11.7500,0.007906,1 in 126,0.491166,139,283,180
12.0000,0.007906,1 in 126,0.531915,150,282,180
1.0000,0.008374,1 in 119,0.910013,1436,1578,180
1.2500,0.008374,1 in 119,0.867590,1127,1299,180
1.5000,0.008374,1 in 119,0.877145,971,1107,180
1.7500,0.008374,1 in 119,0.867010,841,970,180
2.0000,0.008374,1 in 119,0.829596,740,892,180
2.2500,0.008374,1 in 119,0.816794,642,786,180
2.5000,0.008374,1 in 119,0.787263,581,738,180
2.7500,0.008374,1 in 119,0.771784,558,723,180
3.0000,0.008374,1 in 119,0.753555,477,633,180
3.2500,0.008374,1 in 119,0.716753,415,579,180
3.5000,0.008374,1 in 119,0.747841,433,579,180
3.7500,0.008374,1 in 119,0.765957,432,564,180
4.0000,0.008374,1 in 119,0.718919,399,555,180
4.2500,0.008374,1 in 119,0.718574,383,533,180
4.5000,0.008374,1 in 119,0.682927,336,492,180
4.7500,0.008374,1 in 119,0.662971,299,451,180
5.0000,0.008374,1 in 119,0.688525,294,427,180
5.2500,0.008374,1 in 119,0.689095,297,431,180
5.5000,0.008374,1 in 119,0.662037,286,432,180
5.7500,0.008374,1 in 119,0.648649,288,444,180
6.0000,0.008374,1 in 119,0.690647,288,417,180
6.2500,0.008374,1 in 119,0.632075,268,424,180
6.5000,0.008374,1 in 119,0.683951,277,405,180
6.7500,0.008374,1 in 119,0.593824,250,421,180
7.0000,0.008374,1 in 119,0.615385,256,416,180
7.2500,0.008374,1 in 119,0.643939,255,396,180
7.5000,0.008374,1 in 119,0.617647,252,408,180
7.7500,0.008374,1 in 119,0.605459,244,403,180
8.0000,0.008374,1 in 119,0.597964,235,393,180
8.2500,0.008374,1 in 119,0.631300,238,377,180
8.5000,0.008374,1 in 119,0.583333,217,372,180
8.7500,0.008374,1 in 119,0.575145,199,346,180
9.0000,0.008374,1 in 119,0.580547,191,329,180
9.2500,0.008374,1 in 119,0.546875,175,320,180
9.5000,0.008374,1 in 119,0.532051,166,312,180
9.7500,0.008374,1 in 119,0.524590,160,305,180
10.0000,0.008374,1 in 119,0.542373,160,295,180
10.2500,0.008374,1 in 119,0.508197,155,305,180
10.5000,0.008374,1 in 119,0.527869,161,305,180
10.7500,0.008374,1 in 119,0.478405,144,301,180
11.0000,0.008374,1 in 119,0.508651,147,289,180
11.2500,0.008374,1 in 119,0.482517,138,286,180
11.5000,0.008374,1 in 119,0.481100,140,291,180
11.7500,0.008374,1 in 119,0.519573,146,281,180
12.0000,0.008374,1 in 119,0.479592,141,294,180
1.0000,0.008870,1 in 113,0.900381,1419,1576,180
1.2500,0.008870,1 in 113,0.875957,1144,1306,180
1.5000,0.008870,1 in 113,0.853285,948,1111,180
1.7500,0.008870,1 in 113,0.851738,833,978,180
2.0000,0.008870,1 in 113,0.812360,723,890,180
2.2500,0.008870,1 in 113,0.785805,620,789,180
2.5000,0.008870,1 in 113,0.775510,570,735,180
2.7500,0.008870,1 in 113,0.771588,554,718,180
3.0000,0.008870,1 in 113,0.769231,490,637,180
3.2500,0.008870,1 in 113,0.717863,430,599,180
3.5000,0.008870,1 in 113,0.710801,408,574,180
3.7500,0.008870,1 in 113,0.709622,413,582,180
4.0000,0.008870,1 in 113,0.758242,414,546,180
4.2500,0.008870,1 in 113,0.706320,380,538,180
4.5000,0.008870,1 in 113,0.677551,332,490,180
4.7500,0.008870,1 in 113,0.618026,288,466,180
5.0000,0.008870,1 in 113,0.640351,292,456,180
5.2500,0.008870,1 in 113,0.657718,294,447,180
5.5000,0.008870,1 in 113,0.655172,285,435,180
5.7500,0.008870,1 in 113,0.644860,276,428,180
6.0000,0.008870,1 in 113,0.676056,288,426,180
6.2500,0.008870,1 in 113,0.649165,272,419,180
6.5000,0.008870,1 in 113,0.610209,263,431,180
6.7500,0.008870,1 in 113,0.582938,246,422,180
7.0000,0.008870,1 in 113,0.618357,256,414,180
7.2500,0.008870,1 in 113,0.587805,241,410,180
7.5000,0.008870,1 in 113,0.559322,231,413,180
7.7500,0.008870,1 in 113,0.581907,238,409,180
8.0000,0.008870,1 in 113,0.596059,242,406,180
8.2500,0.008870,1 in 113,0.630728,234,371,180
8.5000,0.008870,1 in 113,0.533512,199,373,180
8.7500,0.008870,1 in 113,0.626822,215,343,180
9.0000,0.008870,1 in 113,0.491429,172,350,180
9.2500,0.008870,1 in 113,0.554859,177,319,180
9.5000,0.008870,1 in 113,0.515924,162,314,180
9.7500,0.008870,1 in 113,0.490683,158,322,180
10.0000,0.008870,1 in 113,0.496795,155,312,180
10.2500,0.008870,1 in 113,0.509804,156,306,180
10.5000,0.008870,1 in 113,0.460815,147,319,180
10.7500,0.008870,1 in 113,0.480263,146,304,180
11.0000,0.008870,1 in 113,0.468647,142,303,180
11.2500,0.008870,1 in 113,0.473510,143,302,180
11.5000,0.008870,1 in 113,0.498258,143,287,180
11.7500,0.008870,1 in 113,0.411765,126,306,180
12.0000,0.008870,1 in 113,0.474227,138,291,180
1.0000,0.009396,1 in 106,0.889943,1407,1581,180
1.2500,0.009396,1 in 106,0.862730,1125,1304,180
1.5000,0.009396,1 in 106,0.849774,939,1105,180
1.7500,0.009396,1 in 106,0.833164,819,983,180
2.0000,0.009396,1 in 106,0.787542,708,899,180
2.2500,0.009396,1 in 106,0.778481,615,790,180
2.5000,0.009396,1 in 106,0.767596,578,753,180
2.7500,0.009396,1 in 106,0.788136,558,708,180
3.0000,0.009396,1 in 106,0.721184,463,642,180
3.2500,0.009396,1 in 106,0.748276,434,580,180
3.5000,0.009396,1 in 106,0.732297,424,579,180
3.7500,0.009396,1 in 106,0.688042,397,577,180
4.0000,0.009396,1 in 106,0.693262,391,564,180
4.2500,0.009396,1 in 106,0.688766,374,543,180
4.5000,0.009396,1 in 106,0.654000,327,500,180
4.7500,0.009396,1 in 106,0.617021,290,470,180
5.0000,0.009396,1 in 106,0.710956,305,429,180
5.2500,0.009396,1 in 106,0.638202,284,445,180
5.5000,0.009396,1 in 106,0.612832,277,452,180
5.7500,0.009396,1 in 106,0.659039,288,437,180
6.0000,0.009396,1 in 106,0.648402,284,438,180
6.2500,0.009396,1 in 106,0.631944,273,432,180
6.5000,0.009396,1 in 106,0.614849,265,431,180
6.7500,0.009396,1 in 106,0.564403,241,427,180
7.0000,0.009396,1 in 106,0.615572,253,411,180
7.2500,0.009396,1 in 106,0.614251,250,407,180
7.5000,0.009396,1 in 106,0.585956,242,413,180
7.7500,0.009396,1 in 106,0.587530,245,417,180
8.0000,0.009396,1 in 106,0.650131,249,383,180
8.2500,0.009396,1 in 106,0.557841,217,389,180
8.5000,0.009396,1 in 106,0.522788,195,373,180
8.7500,0.009396,1 in 106,0.536313,192,358,180
9.0000,0.009396,1 in 106,0.473684,171,361,180
9.2500,0.009396,1 in 106,0.516418,173,335,180
9.5000,0.009396,1 in 106,0.535484,166,310,180
9.7500,0.009396,1 in 106,0.460606,152,330,180
10.0000,0.009396,1 in 106,0.479751,154,321,180
10.2500,0.009396,1 in 106,0.521173,160,307,180
10.5000,0.009396,1 in 106,0.488818,153,313,180
10.7500,0.009396,1 in 106,0.445513,139,312,180
11.0000,0.009396,1 in 106,0.416928,133,319,180
11.2500,0.009396,1 in 106,0.508961,142,279,180
11.5000,0.009396,1 in 106,0.413559,122,295,180
11.7500,0.009396,1 in 106,0.411960,124,301,180
12.0000,0.009396,1 in 106,0.451724,131,290,180
1.0000,0.009953,1 in 100,0.891414,1412,1584,180
1.2500,0.009953,1 in 100,0.873652,1134,1298,180
1.5000,0.009953,1 in 100,0.857143,954,1113,180
1.7500,0.009953,1 in 100,0.821246,804,979,180
2.0000,0.009953,1 in 100,0.813333,732,900,180
2.2500,0.009953,1 in 100,0.784906,624,795,180
2.5000,0.009953,1 in 100,0.806540,592,734,180
2.7500,0.009953,1 in 100,0.756410,531,702,180
3.0000,0.009953,1 in 100,0.744479,472,634,180
3.2500,0.009953,1 in 100,0.729412,434,595,180
3.5000,0.009953,1 in 100,0.696763,409,587,180
3.7500,0.009953,1 in 100,0.664966,391,588,180
4.0000,0.009953,1 in 100,0.704225,400,568,180
4.2500,0.009953,1 in 100,0.656250,357,544,180
4.5000,0.009953,1 in 100,0.660532,323,489,180
4.7500,0.009953,1 in 100,0.642082,296,461,180
5.0000,0.009953,1 in 100,0.607375,280,461,180
5.2500,0.009953,1 in 100,0.613391,284,463,180
5.5000,0.009953,1 in 100,0.610390,282,462,180
5.7500,0.009953,1 in 100,0.590200,265,449,180
6.0000,0.009953,1 in 100,0.608108,270,444,180
6.2500,0.009953,1 in 100,0.607798,265,436,180
6.5000,0.009953,1 in 100,0.598608,258,431,180
6.7500,0.009953,1 in 100,0.586854,250,426,180
7.0000,0.009953,1 in 100,0.579572,244,421,180
7.2500,0.009953,1 in 100,0.597122,249,417,180
7.5000,0.009953,1 in 100,0.536817,226,421,180
7.7500,0.009953,1 in 100,0.539192,227,421,180
8.0000,0.009953,1 in 100,0.537170,224,417,180
8.2500,0.009953,1 in 100,0.491049,192,391,180
8.5000,0.009953,1 in 100,0.539295,199,369,180
8.7500,0.009953,1 in 100,0.560000,196,350,180
9.0000,0.009953,1 in 100,0.472527,172,364,180
9.2500,0.009953,1 in 100,0.452381,152,336,180
9.5000,0.009953,1 in 100,0.514377,161,313,180
9.7500,0.009953,1 in 100,0.452599,148,327,180
10.0000,0.009953,1 in 100,0.473520,152,321,180
10.2500,0.009953,1 in 100,0.444099,143,322,180
10.5000,0.009953,1 in 100,0.396341,130,328,180
10.7500,0.009953,1 in 100,0.472843,148,313,180
11.0000,0.009953,1 in 100,0.441935,137,310,180
11.2500,0.009953,1 in 100,0.391720,123,314,180
11.5000,0.009953,1 in 100,0.454545,135,297,180
11.7500,0.009953,1 in 100,0.451724,131,290,180
12.0000,0.009953,1 in 100,0.419795,123,293,180
1.0000,0.010542,1 in 95,0.877925,1388,1581,180
1.2500,0.010542,1 in 95,0.833460,1096,1315,180
1.5000,0.010542,1 in 95,0.802880,892,1111,180
1.7500,0.010542,1 in 95,0.788344,771,978,180
2.0000,0.010542,1 in 95,0.729581,661,906,180
2.2500,0.010542,1 in 95,0.768170,613,798,180
2.5000,0.010542,1 in 95,0.739708,557,753,180
2.7500,0.010542,1 in 95,0.703039,509,724,180
3.0000,0.010542,1 in 95,0.698925,455,651,180
3.2500,0.010542,1 in 95,0.635025,388,611,180
3.5000,0.010542,1 in 95,0.657673,390,593,180
3.7500,0.010542,1 in 95,0.642735,376,585,180
4.0000,0.010542,1 in 95,0.697345,394,565,180
4.2500,0.010542,1 in 95,0.619820,344,555,180
4.5000,0.010542,1 in 95,0.645875,321,497,180
4.7500,0.010542,1 in 95,0.602128,283,470,180
5.0000,0.010542,1 in 95,0.612069,284,464,180
5.2500,0.010542,1 in 95,0.634146,286,451,180
5.5000,0.010542,1 in 95,0.601307,276,459,180
5.7500,0.010542,1 in 95,0.596026,270,453,180
6.0000,0.010542,1 in 95,0.556561,246,442,180
6.2500,0.010542,1 in 95,0.591224,256,433,180
6.5000,0.010542,1 in 95,0.567506,248,437,180
6.7500,0.010542,1 in 95,0.543779,236,434,180
7.0000,0.010542,1 in 95,0.558140,240,430,180
7.2500,0.010542,1 in 95,0.550000,231,420,180
7.5000,0.010542,1 in 95,0.567696,239,421,180
7.7500,0.010542,1 in 95,0.557457,228,409,180
8.0000,0.010542,1 in 95,0.596977,237,397,180
8.2500,0.010542,1 in 95,0.555556,210,378,180
8.5000,0.010542,1 in 95,0.523560,200,382,180
8.7500,0.010542,1 in 95,0.500000,184,368,180
9.0000,0.010542,1 in 95,0.523256,180,344,180
9.2500,0.010542,1 in 95,0.428169,152,355,180
9.5000,0.010542,1 in 95,0.440476,148,336,180
9.7500,0.010542,1 in 95,0.433333,143,330,180
10.0000,0.010542,1 in 95,0.417160,141,338,180
10.2500,0.010542,1 in 95,0.433333,143,330,180
10.5000,0.010542,1 in 95,0.415873,131,315,180
10.7500,0.010542,1 in 95,0.373860,123,329,180
11.0000,0.010542,1 in 95,0.372308,121,325,180
11.2500,0.010542,1 in 95,0.402597,124,308,180
11.5000,0.010542,1 in 95,0.363636,112,308,180
11.7500,0.010542,1 in 95,0.389439,118,303,180
12.0000,0.010542,1 in 95,0.410774,122,297,180
1.0000,0.011167,1 in 90,0.875079,1387,1585,180
1.2500,0.011167,1 in 90,0.834483,1089,1305,180
1.5000,0.011167,1 in 90,0.832432,924,1110,180
1.7500,0.011167,1 in 90,0.803245,792,986,180
2.0000,0.011167,1 in 90,0.785714,704,896,180
2.2500,0.011167,1 in 90,0.750623,602,802,180
2.5000,0.011167,1 in 90,0.747688,566,757,180
2.7500,0.011167,1 in 90,0.759003,548,722,180
3.0000,0.011167,1 in 90,0.707430,457,646,180
3.2500,0.011167,1 in 90,0.672819,401,596,180
3.5000,0.011167,1 in 90,0.655058,395,603,180
3.7500,0.011167,1 in 90,0.655113,378,577,180
4.0000,0.011167,1 in 90,0.654577,379,579,180
4.2500,0.011167,1 in 90,0.652252,362,555,180
4.5000,0.011167,1 in 90,0.622754,312,501,180
4.7500,0.011167,1 in 90,0.634409,295,465,180
5.0000,0.011167,1 in 90,0.584362,284,486,180
5.2500,0.011167,1 in 90,0.560669,268,478,180
5.5000,0.011167,1 in 90,0.574194,267,465,180
5.7500,0.011167,1 in 90,0.556025,263,473,180
6.0000,0.011167,1 in 90,0.606407,265,437,180
6.2500,0.011167,1 in 90,0.526667,237,450,180
6.5000,0.011167,1 in 90,0.564920,248,439,180
6.7500,0.011167,1 in 90,0.600950,253,421,180
7.0000,0.011167,1 in 90,0.557647,237,425,180
7.2500,0.011167,1 in 90,0.512644,223,435,180
7.5000,0.011167,1 in 90,0.572447,241,421,180
7.7500,0.011167,1 in 90,0.546539,229,419,180
8.0000,0.011167,1 in 90,0.526961,215,408,180
8.2500,0.011167,1 in 90,0.493734,197,399,180
8.5000,0.011167,1 in 90,0.449239,177,394,180
8.7500,0.011167,1 in 90,0.453333,170,375,180
9.0000,0.011167,1 in 90,0.468320,170,363,180
9.2500,0.011167,1 in 90,0.414566,148,357,180
9.5000,0.011167,1 in 90,0.413793,144,348,180
9.7500,0.011167,1 in 90,0.453453,151,333,180
10.0000,0.011167,1 in 90,0.402367,136,338,180
10.2500,0.011167,1 in 90,0.416667,140,336,180
10.5000,0.011167,1 in 90,0.412651,137,332,180
10.7500,0.011167,1 in 90,0.375385,122,325,180
11.0000,0.011167,1 in 90,0.349544,115,329,180
11.2500,0.011167,1 in 90,0.395570,125,316,180
11.5000,0.011167,1 in 90,0.431894,130,301,180
11.7500,0.011167,1 in 90,0.376206,117,311,180
12.0000,0.011167,1 in 90,0.380000,114,300,180
1.0000,0.011829,1 in 85,0.871212,1380,1584,180
1.2500,0.011829,1 in 85,0.839327,1097,1307,180
1.5000,0.011829,1 in 85,0.800358,894,1117,180
1.7500,0.011829,1 in 85,0.786145,783,996,180
2.0000,0.011829,1 in 85,0.764706,689,901,180
2.2500,0.011829,1 in 85,0.729064,592,812,180
2.5000,0.011829,1 in 85,0.705650,537,761,180
2.7500,0.011829,1 in 85,0.682927,504,738,180
3.0000,0.011829,1 in 85,0.692424,457,660,180
3.2500,0.011829,1 in 85,0.637847,391,613,180
3.5000,0.011829,1 in 85,0.607085,377,621,180
3.7500,0.011829,1 in 85,0.601990,363,603,180
4.0000,0.011829,1 in 85,0.670732,385,574,180
4.2500,0.011829,1 in 85,0.607706,347,571,180
4.5000,0.011829,1 in 85,0.580340,307,529,180
4.7500,0.011829,1 in 85,0.584711,283,484,180
5.0000,0.011829,1 in 85,0.562118,276,491,180
5.2500,0.011829,1 in 85,0.603412,283,469,180
5.5000,0.011829,1 in 85,0.552688,257,465,180
5.7500,0.011829,1 in 85,0.549894,259,471,180
6.0000,0.011829,1 in 85,0.567033,258,455,180
6.2500,0.011829,1 in 85,0.496788,232,467,180
6.5000,0.011829,1 in 85,0.538636,237,440,180
6.7500,0.011829,1 in 85,0.525000,231,440,180
7.0000,0.011829,1 in 85,0.556086,233,419,180
7.2500,0.011829,1 in 85,0.535797,232,433,180
7.5000,0.011829,1 in 85,0.481395,207,430,180
7.7500,0.011829,1 in 85,0.507109,214,422,180
8.0000,0.011829,1 in 85,0.489260,205,419,180
8.2500,0.011829,1 in 85,0.484772,191,394,180
8.5000,0.011829,1 in 85,0.417526,162,388,180
8.7500,0.011829,1 in 85,0.465969,178,382,180
9.0000,0.011829,1 in 85,0.479224,173,361,180
9.2500,0.011829,1 in 85,0.398329,143,359,180
9.5000,0.011829,1 in 85,0.428571,144,336,180
9.7500,0.011829,1 in 85,0.405248,139,343,180
10.0000,0.011829,1 in 85,0.350140,125,357,180
10.2500,0.011829,1 in 85,0.376812,130,345,180
10.5000,0.011829,1 in 85,0.381657,129,338,180
10.7500,0.011829,1 in 85,0.396970,131,330,180
11.0000,0.011829,1 in 85,0.361963,118,326,180
11.2500,0.011829,1 in 85,0.319403,107,335,180
11.5000,0.011829,1 in 85,0.394137,121,307,180
11.7500,0.011829,1 in 85,0.273006,89,326,180
12.0000,0.011829,1 in 85,0.296636,97,327,180
1.0000,0.012530,1 in 80,0.856151,1357,1585,180
1.2500,0.012530,1 in 80,0.819772,1078,1315,180
1.5000,0.012530,1 in 80,0.805009,900,1118,180
1.7500,0.012530,1 in 80,0.760322,755,993,180
2.0000,0.012530,1 in 80,0.755531,683,904,180
2.2500,0.012530,1 in 80,0.708333,578,816,180
2.5000,0.012530,1 in 80,0.691700,525,759,180
2.7500,0.012530,1 in 80,0.679348,500,736,180
3.0000,0.012530,1 in 80,0.657100,435,662,180
3.2500,0.012530,1 in 80,0.611200,382,625,180
3.5000,0.012530,1 in 80,0.632787,386,610,180
3.7500,0.012530,1 in 80,0.636513,387,608,180
4.0000,0.012530,1 in 80,0.607204,354,583,180
4.2500,0.012530,1 in 80,0.600352,341,568,180
4.5000,0.012530,1 in 80,0.581181,315,542,180
4.7500,0.012530,1 in 80,0.552941,282,510,180
5.0000,0.012530,1 in 80,0.552475,279,505,180
5.2500,0.012530,1 in 80,0.565217,273,483,180
5.5000,0.012530,1 in 80,0.544148,265,487,180
5.7500,0.012530,1 in 80,0.533049,250,469,180
6.0000,0.012530,1 in 80,0.541485,248,458,180
6.2500,0.012530,1 in 80,0.525862,244,464,180
6.5000,0.012530,1 in 80,0.513274,232,452,180
6.7500,0.012530,1 in 80,0.484988,210,433,180
7.0000,0.012530,1 in 80,0.468889,211,450,180
7.2500,0.012530,1 in 80,0.497674,214,430,180
7.5000,0.012530,1 in 80,0.452055,198,438,180
7.7500,0.012530,1 in 80,0.553140,229,414,180
8.0000,0.012530,1 in 80,0.475410,203,427,180
8.2500,0.012530,1 in 80,0.487374,193,396,180
8.5000,0.012530,1 in 80,0.389027,156,401,180
8.7500,0.012530,1 in 80,0.434109,168,387,180
9.0000,0.012530,1 in 80,0.420485,156,371,180
9.2500,0.012530,1 in 80,0.378830,136,359,180
9.5000,0.012530,1 in 80,0.382920,139,363,180
9.7500,0.012530,1 in 80,0.431953,146,338,180
10.0000,0.012530,1 in 80,0.352113,125,355,180
10.2500,0.012530,1 in 80,0.346591,122,352,180
10.5000,0.012530,1 in 80,0.337209,116,344,180
10.7500,0.012530,1 in 80,0.327485,112,342,180
11.0000,0.012530,1 in 80,0.336364,111,330,180
11.2500,0.012530,1 in 80,0.313070,103,329,180
11.5000,0.012530,1 in 80,0.326087,105,322,180
11.7500,0.012530,1 in 80,0.284810,90,316,180
12.0000,0.012530,1 in 80,0.333333,103,309,180
1.0000,0.013272,1 in 75,0.852904,1351,1584,180
1.2500,0.013272,1 in 75,0.838291,1099,1311,180
1.5000,0.013272,1 in 75,0.804096,903,1123,180
1.7500,0.013272,1 in 75,0.760322,755,993,180
2.0000,0.013272,1 in 75,0.716484,652,910,180
2.2500,0.013272,1 in 75,0.708798,572,807,180
2.5000,0.013272,1 in 75,0.685526,521,760,180
2.7500,0.013272,1 in 75,0.701923,511,728,180
3.0000,0.013272,1 in 75,0.604136,409,677,180
3.2500,0.013272,1 in 75,0.604466,379,627,180
3.5000,0.013272,1 in 75,0.634841,379,597,180
3.7500,0.013272,1 in 75,0.616949,364,590,180
4.0000,0.013272,1 in 75,0.597603,349,584,180
4.2500,0.013272,1 in 75,0.574468,324,564,180
4.5000,0.013272,1 in 75,0.557621,300,538,180
4.7500,0.013272,1 in 75,0.526923,274,520,180
5.0000,0.013272,1 in 75,0.540161,269,498,180
5.2500,0.013272,1 in 75,0.513185,253,493,180
5.5000,0.013272,1 in 75,0.521186,246,472,180
5.7500,0.013272,1 in 75,0.511247,250,489,180
6.0000,0.013272,1 in 75,0.505071,249,493,180
6.2500,0.013272,1 in 75,0.559211,255,456,180
6.5000,0.013272,1 in 75,0.504310,234,464,180
6.7500,0.013272,1 in 75,0.452174,208,460,180
7.0000,0.013272,1 in 75,0.472406,214,453,180
7.2500,0.013272,1 in 75,0.445434,200,449,180
7.5000,0.013272,1 in 75,0.401766,182,453,180
7.7500,0.013272,1 in 75,0.458525,199,434,180
8.0000,0.013272,1 in 75,0.440281,188,427,180
8.2500,0.013272,1 in 75,0.449631,183,407,180
8.5000,0.013272,1 in 75,0.450128,176,391,180
8.7500,0.013272,1 in 75,0.348039,142,408,180
9.0000,0.013272,1 in 75,0.407609,150,368,180
9.2500,0.013272,1 in 75,0.364903,131,359,180
9.5000,0.013272,1 in 75,0.373626,136,364,180
9.7500,0.013272,1 in 75,0.349432,123,352,180
10.0000,0.013272,1 in 75,0.344633,122,354,180
10.2500,0.013272,1 in 75,0.353623,122,345,180
10.5000,0.013272,1 in 75,0.331378,113,341,180
10.7500,0.013272,1 in 75,0.337110,119,353,180
11.0000,0.013272,1 in 75,0.317507,107,337,180
11.2500,0.013272,1 in 75,0.325228,107,329,180
11.5000,0.013272,1 in 75,0.281734,91,323,180
11.7500,0.013272,1 in 75,0.251497,84,334,180
12.0000,0.013272,1 in 75,0.261538,85,325,180
1.0000,0.014059,1 in 71,0.842039,1338,1589,180
1.2500,0.014059,1 in 71,0.807165,1059,1312,180
1.5000,0.014059,1 in 71,0.777382,873,1123,180
1.7500,0.014059,1 in 71,0.749501,751,1002,180
2.0000,0.014059,1 in 71,0.698690,640,916,180
2.2500,0.014059,1 in 71,0.672010,545,811,180
2.5000,0.014059,1 in 71,0.648718,506,780,180
2.7500,0.014059,1 in 71,0.654105,486,743,180
3.0000,0.014059,1 in 71,0.618128,416,673,180
3.2500,0.014059,1 in 71,0.591264,379,641,180
3.5000,0.014059,1 in 71,0.577922,356,616,180
3.7500,0.014059,1 in 71,0.621622,368,592,180
4.0000,0.014059,1 in 71,0.565506,341,603,180
4.2500,0.014059,1 in 71,0.537005,312,581,180
4.5000,0.014059,1 in 71,0.520871,287,551,180
4.7500,0.014059,1 in 71,0.521073,272,522,180
5.0000,0.014059,1 in 71,0.518664,264,509,180
5.2500,0.014059,1 in 71,0.473077,246,520,180
5.5000,0.014059,1 in 71,0.477228,241,505,180
5.7500,0.014059,1 in 71,0.510204,250,490,180
6.0000,0.014059,1 in 71,0.439759,219,498,180
6.2500,0.014059,1 in 71,0.475104,229,482,180
6.5000,0.014059,1 in 71,0.511111,230,450,180
6.7500,0.014059,1 in 71,0.444444,208,468,180
7.0000,0.014059,1 in 71,0.427332,197,461,180
7.2500,0.014059,1 in 71,0.442222,199,450,180
7.5000,0.014059,1 in 71,0.431111,194,450,180
7.7500,0.014059,1 in 71,0.431871,187,433,180
8.0000,0.014059,1 in 71,0.412037,178,432,180
8.2500,0.014059,1 in 71,0.416465,172,413,180
8.5000,0.014059,1 in 71,0.355932,147,413,180
8.7500,0.014059,1 in 71,0.390625,150,384,180
9.0000,0.014059,1 in 71,0.334204,128,383,180
9.2500,0.014059,1 in 71,0.305699,118,386,180
9.5000,0.014059,1 in 71,0.331565,125,377,180
9.7500,0.014059,1 in 71,0.296196,109,368,180
10.0000,0.014059,1 in 71,0.304813,114,374,180
10.2500,0.014059,1 in 71,0.275956,101,366,180
10.5000,0.014059,1 in 71,0.279006,101,362,180
10.7500,0.014059,1 in 71,0.259155,92,355,180
11.0000,0.014059,1 in 71,0.317507,107,337,180
11.2500,0.014059,1 in 71,0.291667,98,336,180
11.5000,0.014059,1 in 71,0.260479,87,334,180
11.7500,0.014059,1 in 71,0.259146,85,328,180
12.0000,0.014059,1 in 71,0.227545,76,334,180
1.0000,0.014892,1 in 67,0.820126,1304,1590,180
1.2500,0.014892,1 in 67,0.821021,1078,1313,180
1.5000,0.014892,1 in 67,0.752879,850,1129,180
1.7500,0.014892,1 in 67,0.743230,741,997,180
2.0000,0.014892,1 in 67,0.707237,645,912,180
2.2500,0.014892,1 in 67,0.692029,573,828,180
2.5000,0.014892,1 in 67,0.669271,514,768,180
2.7500,0.014892,1 in 67,0.654987,486,742,180
3.0000,0.014892,1 in 67,0.601449,415,690,180
3.2500,0.014892,1 in 67,0.581102,369,635,180
3.5000,0.014892,1 in 67,0.595847,373,626,180
3.7500,0.014892,1 in 67,0.597039,363,608,180
4.0000,0.014892,1 in 67,0.557377,340,610,180
4.2500,0.014892,1 in 67,0.533784,316,592,180
4.5000,0.014892,1 in 67,0.574427,301,524,180
4.7500,0.014892,1 in 67,0.515444,267,518,180
5.0000,0.014892,1 in 67,0.512770,261,509,180
5.2500,0.014892,1 in 67,0.469786,241,513,180
5.5000,0.014892,1 in 67,0.478088,240,502,180
5.7500,0.014892,1 in 67,0.445946,231,518,180
6.0000,0.014892,1 in 67,0.448000,224,500,180
6.2500,0.014892,1 in 67,0.477083,229,480,180
6.5000,0.014892,1 in 67,0.430303,213,495,180
6.7500,0.014892,1 in 67,0.437895,208,475,180
7.0000,0.014892,1 in 67,0.438865,201,458,180
7.2500,0.014892,1 in 67,0.388521,176,453,180
7.5000,0.014892,1 in 67,0.414097,188,454,180
7.7500,0.014892,1 in 67,0.389140,172,442,180
8.0000,0.014892,1 in 67,0.389522,171,439,180
8.2500,0.014892,1 in 67,0.404358,167,413,180
8.5000,0.014892,1 in 67,0.354610,150,423,180
8.7500,0.014892,1 in 67,0.361596,145,401,180
9.0000,0.014892,1 in 67,0.322335,127,394,180
9.2500,0.014892,1 in 67,0.306494,118,385,180
9.5000,0.014892,1 in 67,0.293506,113,385,180
9.7500,0.014892,1 in 67,0.274406,104,379,180
10.0000,0.014892,1 in 67,0.259259,98,378,180
10.2500,0.014892,1 in 67,0.270950,97,358,180
10.5000,0.014892,1 in 67,0.263736,96,364,180
10.7500,0.014892,1 in 67,0.238356,87,365,180
11.0000,0.014892,1 in 67,0.247839,86,347,180
11.2500,0.014892,1 in 67,0.284431,95,334,180
11.5000,0.014892,1 in 67,0.247059,84,340,180
11.7500,0.014892,1 in 67,0.211310,71,336,180
12.0000,0.014892,1 in 67,0.159763,54,338,180
1.0000,0.015774,1 in 63,0.816583,1300,1592,180
1.2500,0.015774,1 in 63,0.796662,1050,1318,180
1.5000,0.015774,1 in 63,0.774021,870,1124,180
1.7500,0.015774,1 in 63,0.738739,738,999,180
2.0000,0.015774,1 in 63,0.686147,634,924,180
2.2500,0.015774,1 in 63,0.657419,545,829,180
2.5000,0.015774,1 in 63,0.610540,475,778,180
2.7500,0.015774,1 in 63,0.629183,470,747,180
3.0000,0.015774,1 in 63,0.571637,391,684,180
3.2500,0.015774,1 in 63,0.554160,353,637,180
3.5000,0.015774,1 in 63,0.558870,356,637,180
3.7500,0.015774,1 in 63,0.537480,337,627,180
4.0000,0.015774,1 in 63,0.529791,329,621,180
4.2500,0.015774,1 in 63,0.505000,303,600,180
4.5000,0.015774,1 in 63,0.495637,284,573,180
4.7500,0.015774,1 in 63,0.461261,256,555,180
5.0000,0.015774,1 in 63,0.488550,256,524,180
5.2500,0.015774,1 in 63,0.475285,250,526,180
5.5000,0.015774,1 in 63,0.434286,228,525,180
5.7500,0.015774,1 in 63,0.415385,216,520,180
6.0000,0.015774,1 in 63,0.446184,228,511,180
6.2500,0.015774,1 in 63,0.438776,215,490,180
6.5000,0.015774,1 in 63,0.467672,217,464,180
6.7500,0.015774,1 in 63,0.406250,195,480,180
7.0000,0.015774,1 in 63,0.432773,206,476,180
7.2500,0.015774,1 in 63,0.359408,170,473,180
7.5000,0.015774,1 in 63,0.355460,166,467,180
7.7500,0.015774,1 in 63,0.399113,180,451,180
8.0000,0.015774,1 in 63,0.379691,172,453,180
8.2500,0.015774,1 in 63,0.334096,146,437,180
8.5000,0.015774,1 in 63,0.348668,144,413,180
8.7500,0.015774,1 in 63,0.363861,147,404,180
9.0000,0.015774,1 in 63,0.315271,128,406,180
9.2500,0.015774,1 in 63,0.292746,113,386,180
9.5000,0.015774,1 in 63,0.286822,111,387,180
9.7500,0.015774,1 in 63,0.263298,99,376,180
10.0000,0.015774,1 in 63,0.274869,105,382,180
10.2500,0.015774,1 in 63,0.184697,70,379,180
10.5000,0.015774,1 in 63,0.241096,88,365,180
10.7500,0.015774,1 in 63,0.315029,109,346,180
11.0000,0.015774,1 in 63,0.232295,82,353,180
11.2500,0.015774,1 in 63,0.139344,51,366,180
11.5000,0.015774,1 in 63,0.204023,71,348,180
11.7500,0.015774,1 in 63,0.120344,42,349,180
12.0000,0.015774,1 in 63,0.167155,57,341,180
1.0000,0.016709,1 in 60,0.791850,1263,1595,180
1.2500,0.016709,1 in 60,0.790627,1046,1323,180
1.5000,0.016709,1 in 60,0.740088,840,1135,180
1.7500,0.016709,1 in 60,0.721782,729,1010,180
2.0000,0.016709,1 in 60,0.685622,639,932,180
2.2500,0.016709,1 in 60,0.632775,529,836,180
2.5000,0.016709,1 in 60,0.629771,495,786,180
2.7500,0.016709,1 in 60,0.585621,448,765,180
3.0000,0.016709,1 in 60,0.542857,380,700,180
3.2500,0.016709,1 in 60,0.514837,347,674,180
3.5000,0.016709,1 in 60,0.582524,360,618,180
3.7500,0.016709,1 in 60,0.554331,352,635,180
4.0000,0.016709,1 in 60,0.559464,334,597,180
4.2500,0.016709,1 in 60,0.538726,313,581,180
4.5000,0.016709,1 in 60,0.494643,277,560,180
4.7500,0.016709,1 in 60,0.457350,252,551,180
5.0000,0.016709,1 in 60,0.441176,240,544,180
5.2500,0.016709,1 in 60,0.450835,243,539,180
5.5000,0.016709,1 in 60,0.391144,212,542,180
5.7500,0.016709,1 in 60,0.484909,241,497,180
6.0000,0.016709,1 in 60,0.439516,218,496,180
6.2500,0.016709,1 in 60,0.426263,211,495,180
6.5000,0.016709,1 in 60,0.371032,187,504,180
6.7500,0.016709,1 in 60,0.438034,205,468,180
7.0000,0.016709,1 in 60,0.352577,171,485,180
7.2500,0.016709,1 in 60,0.343035,165,481,180
7.5000,0.016709,1 in 60,0.391304,180,460,180
7.7500,0.016709,1 in 60,0.356371,165,463,180
8.0000,0.016709,1 in 60,0.411364,181,440,180
8.2500,0.016709,1 in 60,0.340326,146,429,180
8.5000,0.016709,1 in 60,0.276498,120,434,180
8.7500,0.016709,1 in 60,0.275534,116,421,180
9.0000,0.016709,1 in 60,0.301980,122,404,180
9.2500,0.016709,1 in 60,0.249383,101,405,180
9.5000,0.016709,1 in 60,0.236181,94,398,180
9.7500,0.016709,1 in 60,0.188586,76,403,180
10.0000,0.016709,1 in 60,0.235294,88,374,180
10.2500,0.016709,1 in 60,0.232984,89,382,180
10.5000,0.016709,1 in 60,0.175066,66,377,180
10.7500,0.016709,1 in 60,0.184282,68,369,180
11.0000,0.016709,1 in 60,0.170330,62,364,180
11.2500,0.016709,1 in 60,0.242857,85,350,180
11.5000,0.016709,1 in 60,0.179710,62,345,180
11.7500,0.016709,1 in 60,0.156522,54,345,180
12.0000,0.016709,1 in 60,0.135838,47,346,180
1.0000,0.017699,1 in 57,0.797626,1277,1601,180
1.2500,0.017699,1 in 57,0.752273,993,1320,180
1.5000,0.017699,1 in 57,0.696678,797,1144,180
1.7500,0.017699,1 in 57,0.690030,699,1013,180
2.0000,0.017699,1 in 57,0.674444,607,900,180
2.2500,0.017699,1 in 57,0.601163,517,860,180
2.5000,0.017699,1 in 57,0.609032,472,775,180
2.7500,0.017699,1 in 57,0.620968,462,744,180
3.0000,0.017699,1 in 57,0.536517,382,712,180
3.2500,0.017699,1 in 57,0.549699,365,664,180
3.5000,0.017699,1 in 57,0.532609,343,644,180
3.7500,0.017699,1 in 57,0.495342,319,644,180
4.0000,0.017699,1 in 57,0.500000,324,648,180
4.2500,0.017699,1 in 57,0.484751,302,623,180
4.5000,0.017699,1 in 57,0.466321,270,579,180
4.7500,0.017699,1 in 57,0.483395,262,542,180
5.0000,0.017699,1 in 57,0.442413,242,547,180
5.2500,0.017699,1 in 57,0.410811,228,555,180
5.5000,0.017699,1 in 57,0.373214,209,560,180
5.7500,0.017699,1 in 57,0.396947,208,524,180
6.0000,0.017699,1 in 57,0.398077,207,520,180
6.2500,0.017699,1 in 57,0.380478,191,502,180
6.5000,0.017699,1 in 57,0.337736,179,530,180
6.7500,0.017699,1 in 57,0.328032,165,503,180
7.0000,0.017699,1 in 57,0.368201,176,478,180
7.2500,0.017699,1 in 57,0.348739,166,476,180
7.5000,0.017699,1 in 57,0.328421,156,475,180
7.7500,0.017699,1 in 57,0.309322,146,472,180
8.0000,0.017699,1 in 57,0.334056,154,461,180
8.2500,0.017699,1 in 57,0.268889,121,450,180
8.5000,0.017699,1 in 57,0.301176,128,425,180
8.7500,0.017699,1 in 57,0.224018,97,433,180
9.0000,0.017699,1 in 57,0.250597,105,419,180
9.2500,0.017699,1 in 57,0.268844,107,398,180
9.5000,0.017699,1 in 57,0.186732,76,407,180
9.7500,0.017699,1 in 57,0.211735,83,392,180
10.0000,0.017699,1 in 57,0.228792,89,389,180
10.2500,0.017699,1 in 57,0.167526,65,388,180
10.5000,0.017699,1 in 57,0.150000,57,380,180
10.7500,0.017699,1 in 57,0.166227,63,379,180
11.0000,0.017699,1 in 57,0.106952,40,374,180
11.2500,0.017699,1 in 57,0.120879,44,364,180
11.5000,0.017699,1 in 57,0.112360,40,356,180
11.7500,0.017699,1 in 57,0.146552,51,348,180
12.0000,0.017699,1 in 57,0.013889,5,360,180
1.0000,0.018747,1 in 53,0.778193,1249,1605,180
1.2500,0.018747,1 in 53,0.738577,986,1335,180
1.5000,0.018747,1 in 53,0.707934,812,1147,180
1.7500,0.018747,1 in 53,0.658892,678,1029,180
2.0000,0.018747,1 in 53,0.635870,585,920,180
2.2500,0.018747,1 in 53,0.609393,532,873,180
2.5000,0.018747,1 in 53,0.580645,468,806,180
2.7500,0.018747,1 in 53,0.582677,444,762,180
3.0000,0.018747,1 in 53,0.521618,374,717,180
3.2500,0.018747,1 in 53,0.478645,325,679,180
3.5000,0.018747,1 in 53,0.475146,325,684,180
3.7500,0.018747,1 in 53,0.487768,319,654,180
4.0000,0.018747,1 in 53,0.477918,303,634,180
4.2500,0.018747,1 in 53,0.455399,291,639,180
4.5000,0.018747,1 in 53,0.433836,259,597,180
4.7500,0.018747,1 in 53,0.448155,255,569,180
5.0000,0.018747,1 in 53,0.426763,236,553,180
5.2500,0.018747,1 in 53,0.409420,226,552,180
5.5000,0.018747,1 in 53,0.386194,207,536,180
5.7500,0.018747,1 in 53,0.379679,213,561,180
6.0000,0.018747,1 in 53,0.392453,208,530,180
6.2500,0.018747,1 in 53,0.365759,188,514,180
6.5000,0.018747,1 in 53,0.283122,156,551,180
6.7500,0.018747,1 in 53,0.293103,153,522,180
7.0000,0.018747,1 in 53,0.318548,158,496,180
7.2500,0.018747,1 in 53,0.317623,155,488,180
7.5000,0.018747,1 in 53,0.331942,159,479,180
7.7500,0.018747,1 in 53,0.299578,142,474,180
8.0000,0.018747,1 in 53,0.278008,134,482,180
8.2500,0.018747,1 in 53,0.252193,115,456,180
8.5000,0.018747,1 in 53,0.267281,116,434,180
8.7500,0.018747,1 in 53,0.216401,95,439,180
9.0000,0.018747,1 in 53,0.194954,85,436,180
9.2500,0.018747,1 in 53,0.214797,90,419,180
9.5000,0.018747,1 in 53,0.215159,88,409,180
9.7500,0.018747,1 in 53,0.157385,65,413,180
10.0000,0.018747,1 in 53,0.223650,87,389,180
10.2500,0.018747,1 in 53,0.173575,67,386,180
10.5000,0.018747,1 in 53,0.202128,76,376,180
10.7500,0.018747,1 in 53,0.208556,78,374,180
11.0000,0.018747,1 in 53,0.098404,37,376,180
11.2500,0.018747,1 in 53,0.057895,22,380,180
11.5000,0.018747,1 in 53,0.082873,30,362,180
11.7500,0.018747,1 in 53,0.040107,15,374,180
12.0000,0.018747,1 in 53,0.058659,21,358,180
1.0000,0.019858,1 in 50,0.798367,1271,1592,180
1.2500,0.019858,1 in 50,0.763815,1009,1321,180
1.5000,0.019858,1 in 50,0.700877,799,1140,180
1.7500,0.019858,1 in 50,0.638215,658,1031,180
2.0000,0.019858,1 in 50,0.625786,597,954,180
2.2500,0.019858,1 in 50,0.572941,487,850,180
2.5000,0.019858,1 in 50,0.548148,444,810,180
2.7500,0.019858,1 in 50,0.544757,426,782,180
3.0000,0.019858,1 in 50,0.508242,370,728,180
3.2500,0.019858,1 in 50,0.477306,326,683,180
3.5000,0.019858,1 in 50,0.425501,297,698,180
3.7500,0.019858,1 in 50,0.478916,318,664,180
4.0000,0.019858,1 in 50,0.464122,304,655,180
4.2500,0.019858,1 in 50,0.431529,271,628,180
4.5000,0.019858,1 in 50,0.448505,270,602,180
4.7500,0.019858,1 in 50,0.388795,229,589,180
5.0000,0.019858,1 in 50,0.389456,229,588,180
5.2500,0.019858,1 in 50,0.353741,208,588,180
5.5000,0.019858,1 in 50,0.394545,217,550,180
5.7500,0.019858,1 in 50,0.363475,205,564,180
6.0000,0.019858,1 in 50,0.344144,191,555,180
6.2500,0.019858,1 in 50,0.286486,159,555,180
6.5000,0.019858,1 in 50,0.336595,172,511,180
6.7500,0.019858,1 in 50,0.311024,158,508,180
7.0000,0.019858,1 in 50,0.297244,151,508,180
7.2500,0.019858,1 in 50,0.275449,138,501,180
7.5000,0.019858,1 in 50,0.262729,129,491,180
7.7500,0.019858,1 in 50,0.261317,127,486,180
8.0000,0.019858,1 in 50,0.250522,120,479,180
8.2500,0.019858,1 in 50,0.195329,92,471,180
8.5000,0.019858,1 in 50,0.267416,119,445,180
8.7500,0.019858,1 in 50,0.177778,80,450,180
9.0000,0.019858,1 in 50,0.178490,78,437,180
9.2500,0.019858,1 in 50,0.182033,77,423,180
9.5000,0.019858,1 in 50,0.163895,69,421,180
9.7500,0.019858,1 in 50,0.158151,65,411,180
10.0000,0.019858,1 in 50,0.089806,37,412,180
10.2500,0.019858,1 in 50,0.092040,37,402,180
10.5000,0.019858,1 in 50,0.065163,26,399,180
10.7500,0.019858,1 in 50,0.110526,42,380,180
11.0000,0.019858,1 in 50,0.072727,28,385,180
11.2500,0.019858,1 in 50,0.066489,25,376,180
11.5000,0.019858,1 in 50,0.022959,9,392,180
11.7500,0.019858,1 in 50,0.044077,16,363,180
12.0000,0.019858,1 in 50,0.083333,30,360,180
1.0000,0.021035,1 in 48,0.783208,1250,1596,180
1.2500,0.021035,1 in 48,0.715569,956,1336,180
1.5000,0.021035,1 in 48,0.678010,777,1146,180
1.7500,0.021035,1 in 48,0.654634,671,1025,180
2.0000,0.021035,1 in 48,0.594709,562,945,180
2.2500,0.021035,1 in 48,0.574592,493,858,180
2.5000,0.021035,1 in 48,0.525031,430,819,180
2.7500,0.021035,1 in 48,0.506884,405,799,180
3.0000,0.021035,1 in 48,0.487671,356,730,180
3.2500,0.021035,1 in 48,0.472914,323,683,180
3.5000,0.021035,1 in 48,0.457184,315,689,180
3.7500,0.021035,1 in 48,0.414286,290,700,180
4.0000,0.021035,1 in 48,0.394203,272,690,180
4.2500,0.021035,1 in 48,0.426810,277,649,180
4.5000,0.021035,1 in 48,0.403595,247,612,180
4.7500,0.021035,1 in 48,0.400335,239,597,180
5.0000,0.021035,1 in 48,0.364842,220,603,180
5.2500,0.021035,1 in 48,0.326700,197,603,180
5.5000,0.021035,1 in 48,0.368696,212,575,180
5.7500,0.021035,1 in 48,0.342152,194,567,180
6.0000,0.021035,1 in 48,0.339416,186,548,180
6.2500,0.021035,1 in 48,0.313187,171,546,180
6.5000,0.021035,1 in 48,0.254973,141,553,180
6.7500,0.021035,1 in 48,0.264045,141,534,180
7.0000,0.021035,1 in 48,0.286573,143,499,180
7.2500,0.021035,1 in 48,0.286290,142,496,180
7.5000,0.021035,1 in 48,0.273092,136,498,180
7.7500,0.021035,1 in 48,0.225100,113,502,180
8.0000,0.021035,1 in 48,0.249480,120,481,180
8.2500,0.021035,1 in 48,0.190377,91,478,180
8.5000,0.021035,1 in 48,0.182796,85,465,180
8.7500,0.021035,1 in 48,0.192394,86,447,180
9.0000,0.021035,1 in 48,0.130820,59,451,180
9.2500,0.021035,1 in 48,0.110360,49,444,180
9.5000,0.021035,1 in 48,0.112385,49,436,180
9.7500,0.021035,1 in 48,0.062937,27,429,180
10.0000,0.021035,1 in 48,0.025522,11,431,180
10.2500,0.021035,1 in 48,0.058252,24,412,180
10.5000,0.021035,1 in 48,0.055288,23,416,180
10.7500,0.021035,1 in 48,0.017413,7,402,180
11.0000,0.021035,1 in 48,0.052897,21,397,180
11.2500,0.021035,1 in 48,0.028133,11,391,180
11.5000,0.021035,1 in 48,0.023438,9,384,180
11.7500,0.021035,1 in 48,0.010471,4,382,180
12.0000,0.021035,1 in 48,0.010256,4,390,180
1.0000,0.022281,1 in 45,0.743068,1206,1623,180
1.2500,0.022281,1 in 45,0.687313,921,1340,180
1.5000,0.022281,1 in 45,0.640449,741,1157,180
1.7500,0.022281,1 in 45,0.605825,624,1030,180
2.0000,0.022281,1 in 45,0.530992,514,968,180
2.2500,0.022281,1 in 45,0.500000,442,884,180
2.5000,0.022281,1 in 45,0.495858,419,845,180
2.7500,0.022281,1 in 45,0.509294,411,807,180
3.0000,0.022281,1 in 45,0.466755,351,752,180
3.2500,0.022281,1 in 45,0.459916,327,711,180
3.5000,0.022281,1 in 45,0.446453,321,719,180
3.7500,0.022281,1 in 45,0.421053,288,684,180
4.0000,0.022281,1 in 45,0.405286,276,681,180
4.2500,0.022281,1 in 45,0.379856,264,695,180
4.5000,0.022281,1 in 45,0.393519,255,648,180
4.7500,0.022281,1 in 45,0.370915,227,612,180
5.0000,0.022281,1 in 45,0.341977,211,617,180
5.2500,0.022281,1 in 45,0.312195,192,615,180
5.5000,0.022281,1 in 45,0.338542,195,576,180
5.7500,0.022281,1 in 45,0.347518,196,564,180
6.0000,0.022281,1 in 45,0.327370,183,559,180
6.2500,0.022281,1 in 45,0.282374,157,556,180
6.5000,0.022281,1 in 45,0.291280,157,539,180
6.7500,0.022281,1 in 45,0.242026,129,533,180
7.0000,0.022281,1 in 45,0.228893,122,533,180
7.2500,0.022281,1 in 45,0.238004,124,521,180
7.5000,0.022281,1 in 45,0.283951,138,486,180
7.7500,0.022281,1 in 45,0.238866,118,494,180
8.0000,0.022281,1 in 45,0.186000,93,500,180
8.2500,0.022281,1 in 45,0.133874,66,493,180
8.5000,0.022281,1 in 45,0.190476,88,462,180
8.7500,0.022281,1 in 45,0.143167,66,461,180
9.0000,0.022281,1 in 45,0.128603,58,451,180
9.2500,0.022281,1 in 45,0.138952,61,439,180
9.5000,0.022281,1 in 45,0.108046,47,435,180
9.7500,0.022281,1 in 45,0.045455,20,440,180
10.0000,0.022281,1 in 45,0.096852,40,413,180
10.2500,0.022281,1 in 45,0.084541,35,414,180
10.5000,0.022281,1 in 45,0.002304,1,434,180
10.7500,0.022281,1 in 45,0.043981,19,432,180
11.0000,0.022281,1 in 45,0.002506,1,399,180
11.2500,0.022281,1 in 45,0.002463,1,406,180
11.5000,0.022281,1 in 45,0.019002,8,421,180
11.7500,0.022281,1 in 45,0.020566,8,389,180
12.0000,0.022281,1 in 45,0.012853,5,389,180
1.0000,0.023602,1 in 42,0.723945,1167,1612,180
1.2500,0.023602,1 in 42,0.700675,934,1333,180
1.5000,0.023602,1 in 42,0.639485,745,1165,180
1.7500,0.023602,1 in 42,0.602871,630,1045,180
2.0000,0.023602,1 in 42,0.543067,517,952,180
2.2500,0.023602,1 in 42,0.532110,464,872,180
2.5000,0.023602,1 in 42,0.501174,427,852,180
2.7500,0.023602,1 in 42,0.443128,374,844,180
3.0000,0.023602,1 in 42,0.429319,328,764,180
3.2500,0.023602,1 in 42,0.435526,331,760,180
3.5000,0.023602,1 in 42,0.422316,299,708,180
3.7500,0.023602,1 in 42,0.392458,281,716,180
4.0000,0.023602,1 in 42,0.404348,279,690,180
4.2500,0.023602,1 in 42,0.416290,276,663,180
4.5000,0.023602,1 in 42,0.351682,230,654,180
4.7500,0.023602,1 in 42,0.337405,221,655,180
5.0000,0.023602,1 in 42,0.330658,206,623,180
5.2500,0.023602,1 in 42,0.345178,204,591,180
5.5000,0.023602,1 in 42,0.324324,192,592,180
5.7500,0.023602,1 in 42,0.294218,173,588,180
6.0000,0.023602,1 in 42,0.270690,157,580,180
6.2500,0.023602,1 in 42,0.244863,143,584,180
6.5000,0.023602,1 in 42,0.264286,148,560,180
6.7500,0.023602,1 in 42,0.233151,128,549,180
7.0000,0.023602,1 in 42,0.223881,120,536,180
7.2500,0.023602,1 in 42,0.210832,109,517,180
7.5000,0.023602,1 in 42,0.213178,110,516,180
7.7500,0.023602,1 in 42,0.124283,65,523,180
8.0000,0.023602,1 in 42,0.140281,70,499,180
8.2500,0.023602,1 in 42,0.170782,83,486,180
8.5000,0.023602,1 in 42,0.144654,69,477,180
8.7500,0.023602,1 in 42,0.103376,49,474,180
9.0000,0.023602,1 in 42,0.104925,49,467,180
9.2500,0.023602,1 in 42,0.109131,49,449,180
9.5000,0.023602,1 in 42,0.100686,44,437,180
9.7500,0.023602,1 in 42,0.045558,20,439,180
10.0000,0.023602,1 in 42,0.052133,22,422,180
10.2500,0.023602,1 in 42,0.002336,1,428,180
10.5000,0.023602,1 in 42,0.009238,4,433,180
10.7500,0.023602,1 in 42,0.002294,1,436,180
11.0000,0.023602,1 in 42,0.052009,22,423,180
11.2500,0.023602,1 in 42,0.004515,2,443,180
11.5000,0.023602,1 in 42,0.006608,3,454,180
11.7500,0.023602,1 in 42,0.020833,9,432,180
12.0000,0.023602,1 in 42,0.016746,7,418,180
1.0000,0.025000,1 in 40,0.715442,1149,1606,180
1.2500,0.025000,1 in 40,0.675575,910,1347,180
1.5000,0.025000,1 in 40,0.642241,745,1160,180
1.7500,0.025000,1 in 40,0.595238,625,1050,180
2.0000,0.025000,1 in 40,0.542408,518,955,180
2.2500,0.025000,1 in 40,0.514541,460,894,180
2.5000,0.025000,1 in 40,0.460661,404,877,180
2.7500,0.025000,1 in 40,0.456576,368,806,180
3.0000,0.025000,1 in 40,0.459038,353,769,180
3.2500,0.025000,1 in 40,0.403820,296,733,180
3.5000,0.025000,1 in 40,0.403581,293,726,180
3.7500,0.025000,1 in 40,0.378116,273,722,180
4.0000,0.025000,1 in 40,0.372222,268,720,180
4.2500,0.025000,1 in 40,0.353780,248,701,180
4.5000,0.025000,1 in 40,0.312680,217,694,180
4.7500,0.025000,1 in 40,0.315234,209,663,180
5.0000,0.025000,1 in 40,0.358766,221,616,180
5.2500,0.025000,1 in 40,0.298578,189,633,180
5.5000,0.025000,1 in 40,0.244582,158,646,180
5.7500,0.025000,1 in 40,0.286667,172,600,180
6.0000,0.025000,1 in 40,0.257143,153,595,180
6.2500,0.025000,1 in 40,0.236207,137,580,180
6.5000,0.025000,1 in 40,0.231579,132,570,180
6.7500,0.025000,1 in 40,0.184588,103,558,180
7.0000,0.025000,1 in 40,0.155477,88,566,180
7.2500,0.025000,1 in 40,0.138632,75,541,180
7.5000,0.025000,1 in 40,0.157795,83,526,180
7.7500,0.025000,1 in 40,0.158301,82,518,180
8.0000,0.025000,1 in 40,0.092131,48,521,180
8.2500,0.025000,1 in 40,0.095238,48,504,180
8.5000,0.025000,1 in 40,0.104603,50,478,180
8.7500,0.025000,1 in 40,0.080000,38,475,180
9.0000,0.025000,1 in 40,0.125275,57,455,180
9.2500,0.025000,1 in 40,0.026477,13,491,180
9.5000,0.025000,1 in 40,0.076577,34,444,180
9.7500,0.025000,1 in 40,0.051454,23,447,180
10.0000,0.025000,1 in 40,0.012500,6,480,180
10.2500,0.025000,1 in 40,0.006757,3,444,180
10.5000,0.025000,1 in 40,0.008811,4,454,180
10.7500,0.025000,1 in 40,0.013043,6,460,180
11.0000,0.025000,1 in 40,0.015766,7,444,180
11.2500,0.025000,1 in 40,0.006977,3,430,180
11.5000,0.025000,1 in 40,0.004484,2,446,180
11.7500,0.025000,1 in 40,0.002222,1,450,180
12.0000,0.025000,1 in 40,0.006912,3,434,180
